genes	module
0610007P14Rik	7
0610009B22Rik	1
0610009L18Rik	2
0610009O20Rik	2
0610010F05Rik	1
0610010K14Rik	3
Mettl26	7
0610012G03Rik	3
0610030E20Rik	2
0610037L13Rik	2
0610040J01Rik	3
Fmc1	7
1110002L01Rik	0
1110004E09Rik	3
1110004F10Rik	0
1110006O24Rik	0
Card19	3
1110008F13Rik	5
1110008L16Rik	1
1110008P14Rik	3
1110012L19Rik	0
1110019D14Rik	8
1110032A03Rik	7
1110034G24Rik	7
1110037F02Rik	8
1110038B12Rik	2
1110038F14Rik	3
1110051M20Rik	0
1110059E24Rik	1
1110059G10Rik	1
1110065P20Rik	0
1190002N15Rik	1
1190007I07Rik	1
Ncbp3	0
1300002E11Rik	1
1500011B03Rik	0
1500011K16Rik	7
Zfas1	2
1600002H07Rik	0
1600002K03Rik	2
1600010M07Rik	2
1600012H06Rik	1
1600014C10Rik	6
1600020E01Rik	2
1700001C19Rik	0
1700007L15Rik	1
1700008J07Rik	8
1700009J07Rik	2
1700010I14Rik	0
1700011I03Rik	1
1700012D14Rik	1
1700017B05Rik	3
1700020I14Rik	1
1700020N01Rik	9
1700021F05Rik	3
Rubcn	4
1700025G04Rik	2
1700028E10Rik	0
1700030C10Rik	0
1700030K09Rik	2
1700037C18Rik	0
1700037H04Rik	4
Zfp974	1
1700052K11Rik	2
1700066B19Rik	1
1700066M21Rik	1
1700067K01Rik	1
1700096K18Rik	1
1700110C19Rik	8
1700112E06Rik	1
1700113A16Rik	3
1700123O20Rik	1
1810009A15Rik	2
1810010H24Rik	0
1810011H11Rik	2
1810011O10Rik	2
1810013L24Rik	1
1810014B01Rik	7
1810021B22Rik	2
1810022K09Rik	7
1810026B05Rik	2
1810026J23Rik	6
1810030O07Rik	6
1810037I17Rik	1
1810043G02Rik	2
Ndufaf8	5
1810055G02Rik	2
1810058I24Rik	7
Borcs7	7
2010107E04Rik	7
2010111I01Rik	1
2010204K13Rik	0
2010315B03Rik	1
2010320M18Rik	3
2210013O21Rik	9
Ube2d-ps	2
2210016F16Rik	5
2210016L21Rik	3
Emsy	2
Zfp995	1
2210408F21Rik	0
2210408I21Rik	8
2300009A05Rik	2
2310009A05Rik	7
2310009B15Rik	1
2310011J03Rik	3
2310015A10Rik	0
2310022A10Rik	3
2310022B05Rik	4
2310033P09Rik	3
2310035C23Rik	2
2310036O22Rik	3
2310039H08Rik	0
2310040G24Rik	2
Borcs8	3
Borcs6	3
2310057M21Rik	10
2310061I04Rik	0
Tmem94	4
2410002F23Rik	2
2410004B18Rik	0
2410006H16Rik	7
2410015M20Rik	7
2410016O06Rik	0
2410089E03Rik	8
Carnmt1	6
2410131K14Rik	0
2500004C02Rik	2
2510002D24Rik	2
2510009E07Rik	6
2510039O18Rik	4
2610001J05Rik	7
2610002M06Rik	1
2610005L07Rik	2
2610008E11Rik	8
Ccdc191	2
2610020H08Rik	2
2610035D17Rik	2
2610044O15Rik8	0
2610203C22Rik	1
2610206C17Rik	3
2610301B20Rik	1
2610306M01Rik	2
2610507B11Rik	4
2610507I01Rik	2
2610524H06Rik	1
2610528A11Rik	0
Hpf1	1
2700046G09Rik	2
2700049A03Rik	8
2700060E02Rik	7
2700062C07Rik	2
2700081O15Rik	2
2700094K13Rik	3
2700097O09Rik	2
2810001G20Rik	0
2810002D19Rik	1
2810004N23Rik	3
2810006K23Rik	3
2810013P06Rik	8
2810021J22Rik	0
2810025M15Rik	2
2810403A07Rik	10
2810428I15Rik	3
2810468N07Rik	3
2810474O19Rik	2
2900005J15Rik	8
2900008C10Rik	0
2900026A02Rik	6
2900076A07Rik	2
2900097C17Rik	1
3010026O09Rik	0
3110001I22Rik	1
3110002H16Rik	3
3110009E18Rik	0
3110021N24Rik	2
3110040N11Rik	7
3110043O21Rik	1
Zfp983	8
3110056K07Rik	8
Abhd18	1
3110062M04Rik	2
3110082I17Rik	0
3830403N18Rik	1
3830406C13Rik	1
4430402I18Rik	0
4632404H12Rik	2
4632415L05Rik	8
4632427E13Rik	8
Vsir	4
4732471J01Rik	2
4732491K20Rik	8
4833411C07Rik	10
4833417C18Rik	2
4833420G17Rik	2
4833439L19Rik	1
4921524J17Rik	1
4921531C22Rik	1
4930402H24Rik	2
4930404N11Rik	4
4930413G21Rik	2
4930430F08Rik	6
4930432K21Rik	0
4930447K03Rik	0
4930447M23Rik	1
4930453N24Rik	6
4930480K23Rik	0
4930481A15Rik	0
4930503L19Rik	8
4930526I15Rik	2
4930539J05Rik	0
4930549G23Rik	8
4930577N17Rik	3
4930579G24Rik	0
4930594C11Rik	8
4930599N23Rik	8
4931402G19Rik	8
4931406C07Rik	0
4931406H21Rik	8
4931406P16Rik	0
4931414P19Rik	4
4931428F04Rik	0
4931431C16Rik	8
4932438A13Rik	8
4933406I18Rik	2
4933407K13Rik	2
4933412E12Rik	3
4933421O10Rik	8
4933427D14Rik	2
4933434E20Rik	1
4933439C10Rik	2
Rubcnl	0
5031425E22Rik	2
5031439G07Rik	4
Dubr	0
5430405H02Rik	2
5430427O19Rik	1
5530601H04Rik	2
5730409E04Rik	2
5730455P16Rik	2
5730508B09Rik	2
Trmo	0
5830417I10Rik	2
5830432E09Rik	2
5830444B04Rik	2
6030458C11Rik	0
6030468B19Rik	0
6330407A03Rik	2
Tmem268	5
6330418K02Rik	2
6330549D23Rik	0
6430548M08Rik	4
6530402F18Rik	6
6720489N17Rik	2
8030423J24Rik	0
8030442B05Rik	2
8030462N17Rik	1
Fam234b	6
9030025P20Rik	0
9030617O03Rik	0
9030624J02Rik	4
9130011E15Rik	4
9130019O22Rik	0
9130023H24Rik	2
9130221H12Rik	3
9130401M01Rik	3
9230116N13Rik	0
9330133O14Rik	1
9330151L19Rik	8
9430015G10Rik	2
9430016H08Rik	1
9430038I01Rik	0
9430060I03Rik	8
9430083A17Rik	1
9430091E24Rik	1
9530062K07Rik	1
9530068E07Rik	1
9530082P21Rik	3
9630028I04Rik	3
9930012K11Rik	0
9930021J03Rik	2
9930104L06Rik	2
9930111J21Rik1	2
A130010J15Rik	1
A230046K03Rik	1
A230050P20Rik	2
A230056P14Rik	2
A230072C01Rik	10
A430005L14Rik	0
A430033K04Rik	0
A430035B10Rik	8
A430046D13Rik	0
A530088E08Rik	8
A630001G21Rik	2
A630033H20Rik	1
A630066F11Rik	1
A630072M18Rik	1
A630089N07Rik	2
A730017L22Rik	2
A830010M20Rik	2
A830052D11Rik	2
A830080D01Rik	0
A930005H10Rik	6
A930024E05Rik	2
AA414768	0
AA415398	2
Mfsd4b4	0
AA543186	0
AB124611	0
AF251705	7
AI314180	1
AI413582	7
AI429214	2
AI467606	6
AI506816	4
AI597479	1
Ifi207	9
AI662270	1
AI837181	0
AI846148	3
AI987944	1
AK010878	7
AU019823	1
AU022252	1
AU022793	8
AU040320	4
AU041133	1
AW011738	0
AW112010	1
AW146154	7
AW209491	1
AW549877	1
AW554918	8
AY074887	0
Aaas	3
Aacs	0
Aaed1	0
Aagab	2
Aak1	8
Aamdc	0
Aamp	3
Aar2	6
Aars	4
Aars2	4
Aarsd1	3
Aasdh	8
Aasdhppt	1
Aatf	2
Aatk	4
Abca1	8
Abca2	6
Abca3	0
Abca7	6
Abca9	6
Abcb10	6
Abcb1b	6
Abcb4	0
Abcb6	0
Abcb7	1
Abcb8	4
Abcb9	5
Abcc1	6
Abcc10	4
Abcc3	4
Abcc4	1
Abcc5	2
Abcd1	4
Abcd2	6
Abcd3	6
Abcd4	2
Abce1	1
Abcf1	3
Abcf2	4
Abcf3	3
Abcg1	4
Abcg2	1
Abcg3	5
Abhd10	2
Abhd11	2
Abhd12	5
Abhd13	1
Abhd14a	0
Abhd14b	3
Abhd15	3
Abhd16a	5
Abhd17a	5
Abhd17b	1
Abhd17c	6
Abhd2	1
Abhd3	0
Abhd4	5
Abhd5	1
Abhd6	7
Abhd8	3
Abi1	1
Abi2	1
Abi3	3
Abl1	4
Abl2	2
Ablim1	0
Abr	4
Abracl	7
Abt1	0
Abtb1	3
Acaa1a	3
Acaa2	3
Acaca	8
Acad10	0
Acad11	0
Acad12	3
Acad8	3
Acad9	6
Acadl	3
Acadm	3
Acads	5
Acadsb	6
Acadvl	3
Acap2	1
Acap3	0
Acat1	1
Acat2	0
Acbd3	1
Acbd4	3
Acbd5	1
Acbd6	3
Accs	3
Acd	3
Acer3	1
Ache	0
Acin1	2
Acly	4
Aco1	4
Aco2	4
Acot13	7
Acot2	3
Acot7	3
Acot8	3
Acot9	1
Acox1	0
Acox3	4
Acp1	6
Acp2	4
Acp6	3
Acrbp	2
Acsf2	4
Acsf3	4
Acsl1	5
Acsl3	0
Acsl4	1
Acsl5	6
Acss1	0
Acss2	2
Actb	3
Actg1	1
Actl6a	0
Actn1	3
Actn4	4
Actr10	6
Actr1a	5
Actr1b	2
Actr2	1
Actr3	1
Actr5	2
Actr6	1
Actr8	2
Acvr1	1
Acvr1b	0
Acvr2a	1
Acvr2b	2
Acvrl1	5
Acy1	4
Acyp1	1
Ada	4
Adal	2
Adam10	1
Adam15	4
Adam17	6
Adam22	1
Adam3	2
Adam9	1
Adamts1	0
Adamts10	2
Adamts16	0
Adamtsl2	4
Adap1	5
Adap2	2
Adar	0
Adarb1	0
Adat1	0
Adat2	1
Adck1	0
Adck2	4
Coq8a	3
Coq8b	3
Adck5	3
Adcy3	0
Adcy7	8
Adcy8	9
Adcy9	2
Add1	6
Add3	5
Adgra2	4
Adgre1	1
Adgre4	3
Adgrg1	5
Adgrl1	2
Adgrl2	2
Adh5	5
Adhfe1	2
Adi1	1
Adipor1	5
Adipor2	2
Adk	0
Adnp2	0
Ado	9
Adora3	1
Adpgk	0
Adprh	5
Adprhl2	3
Adprm	7
Adra2a	1
Adrb1	3
Adrb2	1
Grk2	3
Grk3	2
Adrm1	3
Adsl	3
Adss	1
Adssl1	5
Adtrp	2
Aebp2	8
Aen	2
Aes	5
Afap1	1
Afap1l1	2
Aff1	0
Aff4	8
Afg3l1	3
Afg3l2	5
Afmid	0
Afp	6
Aftph	8
Aga	1
Agap1	2
Agap3	3
Agbl3	0
Agbl5	0
Agfg1	6
Agfg2	5
Aggf1	3
Agk	0
Agl	1
Agmo	6
Ago1	2
Ago2	2
Ago3	8
Ago4	3
Agpat1	3
Agpat2	3
Agpat3	4
Agpat4	5
Agpat5	1
Gpat4	5
Agps	1
Agrn	0
Agtpbp1	1
Agtrap	4
Ahctf1	0
Ahcyl1	6
Ahcyl2	4
Ahdc1	2
Ahi1	1
Ahsa1	3
Ahsa2	10
Aida	7
Aif1	9
Aifm1	6
Aig1	1
Aim2	2
Aimp1	3
Aimp2	5
Aip	3
Ajuba	5
Ak1	9
Ak2	2
Ak3	5
Ak6	7
Akap1	6
Akap10	2
Akap11	8
Akap13	2
Akap5	2
Akap7	0
Akap8	2
Akap8l	2
Akap9	2
Akip1	7
Akirin1	1
Akirin2	10
Akna	2
Akr1a1	9
Akr1b10	3
Akr1c13	6
Akr1e1	9
Akr7a5	3
Akt1	3
Akt1s1	3
Akt2	4
Akt3	1
Aktip	0
Alad	5
Alas1	5
Aldh16a1	4
Aldh18a1	6
Aldh1b1	5
Aldh1l2	0
Aldh2	4
Aldh3a2	6
Aldh3b1	3
Aldh4a1	5
Aldh6a1	6
Aldh7a1	3
Aldh9a1	4
Aldoa	5
Aldoc	6
Alg1	5
Alg10b	8
Alg11	1
Alg12	0
Alg13	8
Alg14	0
Alg2	1
Alg3	6
Alg5	6
Alg6	1
Alg8	1
Alg9	6
Alkbh1	2
Alkbh2	2
Alkbh3	2
Alkbh4	0
Alkbh5	1
Alkbh6	2
Alkbh7	0
Alkbh8	1
Alox5	5
Alox5ap	9
Alpk1	0
Als2	0
Alyref	3
Alyref2	2
Amacr	5
Ambra1	4
Amdhd2	0
Amer1	2
Amer2	9
Amfr	6
Amigo1	5
Amigo3	0
Ammecr1	1
Ammecr1l	1
Amn1	1
Amotl1	9
Ampd2	4
Ampd3	4
Amz1	5
Amz2	0
Anapc1	1
Anapc10	8
Anapc11	7
Anapc13	7
Anapc15	2
Anapc16	3
Anapc2	4
Anapc4	1
Anapc5	0
Anapc7	0
Ang	3
Angel1	5
Angel2	10
Angptl6	3
Angptl7	5
Ank	1
Ank2	0
Ankdd1b	4
Ankfy1	1
Ankhd1	2
Ankib1	1
Ankle2	6
Ankmy2	0
Ankra2	0
Ankrd10	10
Ankrd11	2
Ankrd12	2
Ankrd13a	4
Ankrd13c	1
Ankrd13d	2
Ankrd16	2
Ankrd17	2
Ankrd24	7
Ankrd26	2
Ankrd27	4
Slf1	1
Ankrd37	1
Ankrd39	8
Ankrd40	0
Ankrd44	1
Ankrd46	1
Ankrd49	1
Ankrd50	0
Ankrd52	2
Ankrd54	2
Ankrd9	5
Anks1	4
Anks3	2
Anks6	2
Ankzf1	2
Ano10	5
Ano6	5
Ano7	2
Ano8	3
Anp32a	2
Anp32b	2
Anp32e	1
Antxr2	0
Anxa11	4
Anxa2	9
Anxa3	7
Anxa4	5
Anxa5	5
Anxa6	4
Anxa7	6
Ap1ar	0
Ap1b1	4
Ap1g1	1
Ap1g2	3
Ap1m1	4
Ap1s1	5
Ap1s2	7
Ap2a1	4
Ap2a2	4
Ap2b1	0
Ap2m1	3
Ap2s1	3
Ap3b1	0
Ap3d1	2
Ap3m1	1
Ap3m2	0
Ap3s1	1
Ap3s2	1
Ap4b1	0
Ap4e1	0
Ap4m1	2
Ap4s1	7
Ap5b1	4
Ap5m1	1
Ap5s1	3
Ap5z1	2
Apaf1	1
Apba1	2
Apba3	3
Apbb1	5
Apbb1ip	0
Apbb2	1
Apbb3	2
Apc	2
Apeh	3
Apex1	3
Apex2	0
Aph1a	0
Aph1b	1
Aph1c	0
Api5	6
Apip	7
Apitd1	0
Aplf	0
Aplp1	4
Aplp2	5
Apmap	6
Apoa1bp	5
Apobec1	2
Apobec2	0
Apobec3	0
Apobr	3
Apoe	3
Apool	1
Apopt1	0
App	5
Appbp2	1
Appl1	0
Appl2	4
Aprt	3
Aptx	0
Aqr	4
Araf	0
Arap1	4
Arap2	1
Arap3	2
Arcn1	6
Arel1	1
Arf1	5
Arf2	5
Arf3	6
Arf4	1
Arf5	5
Arf6	5
Arfgap1	3
Arfgap2	4
Arfgap3	5
Arfgef1	8
Arfgef2	2
Arfip1	1
Arfip2	3
Arfrp1	2
Arglu1	2
Arhgap1	6
Arhgap11a	2
Arhgap12	0
Arhgap15	6
Arhgap17	2
Arhgap18	3
Arhgap19	1
Arhgap21	2
Arhgap22	3
Arhgap24	9
Arhgap25	2
Arhgap26	0
Arhgap27	4
Arhgap27os3	2
Arhgap29	0
Arhgap30	2
Arhgap31	4
Arhgap32	2
Arhgap35	2
Arhgap39	2
Arhgap4	2
Arhgap5	1
Arhgap9	3
Arhgdia	3
Arhgdib	3
Arhgef1	3
Arhgef10l	2
Arhgef11	2
Arhgef12	2
Arhgef18	4
Arhgef2	3
Arhgef25	3
Arhgef3	3
Arhgef39	7
Arhgef4	2
Arhgef40	4
Arhgef6	4
Arhgef7	2
Arid1a	2
Arid1b	4
Arid2	0
Arid3a	2
Arid3b	2
Arid4a	2
Arid4b	1
Arid5a	3
Arid5b	2
Arih1	1
Arih2	8
Arl1	1
Arl10	2
Arl11	5
Arl13b	2
Arl14ep	1
Arl15	1
Arl16	1
Arl2	3
Arl2bp	9
Arl3	3
Arl4a	7
Arl4c	2
Arl4d	0
Arl5a	1
Arl5b	1
Arl5c	0
Arl6	1
Arl6ip1	6
Arl6ip4	7
Arl6ip5	0
Arl6ip6	1
Arl8a	3
Arl8b	1
Armc1	1
Armc10	0
Armc3	0
Armc5	4
Armc6	4
Armc7	3
Armc8	1
Armc9	0
Armcx2	0
Armcx3	0
Armcx5	0
Armcx6	4
Armt1	0
Arnt	1
Arntl	3
Arpc1a	0
Arpc1b	3
Arpc2	5
Arpc3	3
Arpc4	5
Arpc5	6
Arpc5l	1
Arpp19	1
Arrb1	0
Arrb2	3
Arrdc1	2
Arrdc2	3
Arrdc3	1
Arrdc4	2
Arsa	3
Arsb	1
Arsg	5
Arsk	1
Arv1	0
Arvcf	4
As3mt	5
Asah1	6
Asah2	2
Asap1	4
Asap3	4
Asb1	1
Asb10	0
Asb13	5
Asb2	4
Asb3	1
Asb6	3
Asb7	1
Asb8	1
Ascc1	3
Ascc2	2
Ascc3	8
Ascl2	0
Asf1a	1
Asf1b	9
Ash1l	2
Ash2l	5
Asl	3
Asna1	3
Asns	1
Asnsd1	8
Asph	1
Aspscr1	3
Asrgl1	0
Aste1	0
Asun	8
Asxl1	4
Asxl2	8
Atad1	1
Atad2	1
Atad2b	2
Atad3a	4
Atad5	2
Atat1	2
Ate1	1
Atf1	1
Atf2	1
Atf3	2
Atf4	2
Atf6	8
Atf6b	3
Atf7	8
Atf7ip	2
Atg10	1
Atg101	5
Atg12	2
Atg13	4
Atg14	4
Atg16l1	2
Atg16l2	0
Atg2a	4
Atg2b	0
Atg3	0
Atg4a	1
Atg4b	3
Atg4c	1
Atg4d	0
Atg5	6
Atg7	5
Atg9a	5
Pgghg	7
Atic	0
Atl1	0
Atl2	0
Atl3	1
Atm	2
Atmin	6
Atn1	2
Atox1	7
Atp10d	2
Atp11a	1
Atp11b	1
Atp11c	1
Atp13a1	4
Atp13a2	4
Atp13a3	1
Atp1a1	3
Atp1a3	5
Atp1b3	1
Atp2a2	6
Atp2a3	6
Atp2b1	8
Atp2b2	2
Atp2c1	1
Atp5a1	5
Atp5b	5
Atp5c1	7
Atp5d	3
Atp5e	7
Atp5f1	1
Atp5g1	7
Atp5g3	7
Atp5h	9
Atp5j	7
Atp5j2	7
Atp5k	7
Atp5o	5
Atp5s	1
Atp5sl	3
Atp6ap1	6
Atp6ap2	1
Atp6v0a1	4
Atp6v0a2	1
Atp6v0b	7
Atp6v0d1	3
Atp6v0e	9
Atp6v1a	6
Atp6v1b2	6
Atp6v1c1	9
Atp6v1d	0
Atp6v1e1	3
Atp6v1f	7
Atp6v1g1	1
Atp6v1g2	0
Atp6v1h	6
Atp7a	1
Atp8a1	1
Atp8a2	4
Atp8b1	2
Atp8b2	0
Atp9b	4
Atpaf1	8
Atpaf2	4
Atpif1	7
Atr	1
Atraid	9
Atrip	4
Atrn	0
Atrx	2
Atxn1	2
Atxn10	6
Atxn1l	0
Atxn2	4
Atxn2l	2
Atxn3	1
Atxn7	2
Atxn7l1	2
Atxn7l2	3
Atxn7l3	2
Atxn7l3b	1
Auh	2
Aup1	3
Aurka	5
Aurkaip1	7
Aven	3
Avl9	1
Avpi1	6
Axin1	3
Axl	9
Azi2	8
Azin1	1
B130006D01Rik	2
B230118H07Rik	7
B230219D22Rik	1
B230307C23Rik	7
B230354K17Rik	8
B2m	7
B330016D10Rik	2
B3galnt1	1
B3galnt2	0
B3galt4	0
B3galt5	6
B3galt6	0
B3gat3	3
B3glct	0
B3gnt2	1
B3gnt7	5
B3gnt8	5
B3gntl1	2
B430010I23Rik	8
B430306N03Rik	5
B4galnt1	5
B4galt1	1
B4galt3	2
B4galt4	0
B4galt5	0
B4galt6	1
B4galt7	5
B4gat1	4
Bmt2	1
Fndc10	4
B930059L03Rik	2
B9d2	3
BC002163	0
BC003331	2
BC003965	2
BC004004	5
BC005537	2
BC005561	8
BC005624	3
BC017158	3
BC017643	5
BC020402	1
BC022687	0
BC023829	6
BC024978	2
BC026585	9
BC027231	0
BC028528	7
BC029214	2
BC029722	4
BC030336	0
BC031181	1
BC035044	8
BC037032	2
BC037034	2
BC037704	0
BC048403	0
BC049352	7
BC052040	0
BC055324	1
BC068281	8
BC147527	0
Babam1	3
Bace1	2
Bach1	2
Bach2	2
Bach2os	2
Bad	3
Bag1	5
Bag2	0
Bag3	3
Bag4	1
Bag5	0
Bag6	4
Bahd1	0
Baiap2	4
Baiap2l1	1
Bak1	3
Bambi	6
Banf1	5
Bank1	2
Banp	3
Bap1	3
Basp1	3
Batf	0
Batf2	3
Bax	2
Baz1a	8
Baz1b	2
Baz2a	2
Baz2b	2
Bbc3	3
Bbip1	1
Bbs1	4
Bbs10	8
Bbs12	0
Bbs2	0
Bbs4	2
Bbs5	0
Bbs7	6
Bbs9	2
Bbx	2
Bcap29	1
Bcap31	9
Bcas2	7
Bcas3	3
Bcat1	0
Bcat2	3
Bccip	6
Bcdin3d	3
Bckdha	3
Bckdhb	0
Bckdk	5
Bcl10	1
Bcl2	0
Bcl2a1a	6
Bcl2a1b	7
Bcl2a1c	7
Bcl2a1d	7
Bcl2l1	0
Bcl2l11	0
Bcl2l12	3
Bcl2l13	6
Bcl3	5
Bcl6	0
Bcl6b	0
Bcl7a	2
Bcl7b	3
Bcl7c	3
Bcl9	0
Bcl9l	2
Bclaf1	2
Bco2	2
Bcor	4
Bcorl1	2
Bcr	2
Bcs1l	0
Bdp1	2
Becn1	0
Bend3	3
Bend5	2
Bend6	0
Best1	3
Bet1	1
Bet1l	1
Bfar	2
Bhlhb9	1
Bhlhe41	1
Bicd2	4
Bid	2
Bik	2
Bin1	3
Bin2	3
Bin3	3
Birc2	8
Birc3	1
Birc6	8
Bivm	1
Blcap	1
Blm	0
Blmh	7
Blnk	3
Bloc1s1	3
Bloc1s2	2
Bloc1s3	3
Bloc1s4	2
Bloc1s5	0
Bloc1s6	0
Blvra	3
Blvrb	3
Blzf1	8
Bmf	3
Bmi1	6
Bmp1	2
Bmp2k	8
Bmpr1a	1
Bmpr2	8
Bms1	2
Bmyc	3
Bnip1	0
Bnip2	2
Bnip3	1
Bnip3l	6
Bod1	0
Bod1l	2
Bola1	3
Bola2	2
Bola3	7
Bop1	3
Bora	2
Bpgm	0
Bphl	3
Bpnt1	1
Bptf	2
Braf	8
Brap	4
Brat1	4
Brca2	8
Brcc3	1
Brd1	2
Brd2	2
Brd3	2
Brd4	3
Brd7	2
Brd8	2
Brd9	2
Bre	0
Brf1	2
Brf2	3
Bri3	7
Bri3bp	3
Brip1os	6
Brix1	1
Brk1	1
Brms1	3
Brms1l	1
Brox	6
Brpf1	2
Brpf3	2
Brwd1	8
Bscl2	5
Bsdc1	3
Bsg	5
Bsn	2
Bst2	9
Btaf1	8
Btbd1	1
Btbd10	1
Btbd19	2
Btbd2	4
Btbd3	1
Btbd6	0
Btbd7	8
Btbd8	2
Btbd9	2
Btd	0
Btf3	7
Btf3l4	1
Btg1	1
Btg2	2
Btk	2
Btrc	2
Bub3	5
Bud13	4
Bud31	7
Bysl	0
Bzw1	1
Bzw2	3
C030006K11Rik	3
C030034I22Rik	2
C130046K22Rik	2
C130050O18Rik	0
C1d	1
C1galt1	1
C1galt1c1	1
C1qa	5
C1qb	3
C1qbp	3
C1qc	5
C1ra	4
C1rl	2
C230091D08Rik	9
C2cd2	3
C2cd2l	3
C2cd3	0
C2cd5	4
C330006A16Rik	2
C330007P06Rik	1
C330013E15Rik	2
C330018D20Rik	8
C3ar1	6
C4b	6
C5ar1	5
C5ar2	4
C87436	5
C8g	2
C920021L13Rik	8
Caap1	0
Cab39	1
Cab39l	1
Cabin1	4
Cables1	3
Cables2	3
Cacfd1	2
Cacna1a	0
Cacna1d	8
Cacna1s	5
Cacnb2	1
Cacnb4	0
Cactin	3
Cacul1	1
Cacybp	10
Cad	0
Cadm1	6
Cahm	2
Calcoco1	3
Calcrl	1
Calhm2	0
Calm2	7
Calm3	3
Calr	0
Calu	6
Camk1	0
Camk1d	4
Camk2a	0
Camk2b	3
Camk2d	1
Camk2g	2
Camk2n1	1
Camkk1	4
Camkk2	2
Camkmt	0
Caml	1
Camsap1	2
Camsap2	0
Camta1	8
Camta2	2
Cand1	6
Cand2	4
Cant1	3
Canx	1
Cap1	2
Capg	5
Capn1	3
Capn10	0
Capn15	4
Capn2	4
Capn3	3
Capn7	8
Capns1	3
Caprin1	6
Caprin2	0
Capza1	1
Capza2	1
Capzb	5
Car11	3
Card11	0
Card6	0
Card9	2
Carf	2
Carhsp1	3
Naxd	3
Carm1	4
Carns1	4
Cars	4
Cars2	2
Casc3	4
Casc4	1
Casd1	1
Cask	1
Casp1	0
Casp12	0
Casp2	1
Casp3	0
Casp4	0
Casp6	3
Casp7	0
Casp8	1
Casp8ap2	2
Casp9	6
Cass4	0
Cast	3
Casz1	3
Cat	5
Catip	2
Cav2	1
Cbfa2t2	1
Cbfa2t3	4
Cbfb	1
Cbl	8
Cblb	1
Cbll1	1
Cbr1	3
Cbr2	0
Cbr3	5
Cbr4	0
Cbwd1	1
Cbx1	2
Cbx3	2
Cbx4	4
Cbx5	1
Cbx6	0
Cbx7	2
Cbx8	2
Cby1	3
Cc2d1a	4
Cc2d1b	3
Ccar1	2
Ccar2	4
Kyat1	0
Kyat3	0
Sgf29	3
Ccdc102a	3
Ccdc106	2
Ccdc107	7
Ccdc112	10
Ccdc115	0
Ccdc117	10
Ccdc12	2
Ccdc122	9
Ccdc124	3
Ccdc126	1
Ccdc127	1
Ccdc130	3
Vps50	0
Ccdc134	2
Ccdc137	2
Ccdc138	0
Ccdc14	3
Ccdc142	2
Ccdc15	1
Ccdc157	0
Ccdc162	2
Ccdc163	2
Ccdc166	7
Ccdc167	2
Ccdc17	0
Ccdc171	8
Ccdc174	2
Ccdc181	4
Ccdc186	2
Ccdc22	4
Svbp	7
Ccdc25	1
Ccdc28a	2
Ccdc28b	2
Ccdc32	0
Ccdc34	9
Ccdc36	3
Ccdc43	1
Ccdc47	6
Ccdc50	1
Ccdc51	0
Ccdc53	7
Nsrp1	3
Ccdc57	2
Ccdc58	2
Ccdc59	0
Ccdc6	0
Ccdc61	3
Ccdc62	0
Ccdc64	2
Ccdc66	2
Ccdc71	2
Ccdc71l	1
Ccdc77	2
Ccdc82	8
Ccdc84	2
Ccdc85b	3
Ccdc86	4
Ccdc88a	7
Ccdc88b	3
Ccdc9	2
Ccdc90b	1
Ccdc91	3
Ccdc93	0
Ccdc94	3
Ccdc97	4
Ccl12	9
Ccl2	1
Ccl24	3
Ccl25	10
Ccl3	7
Ccl4	7
Ccl6	1
Ccl9	7
Ccm2	3
Ccna2	9
Ccnc	1
Ccnd1	3
Ccnd3	3
Ccndbp1	0
Ccnf	5
Ccng1	1
Ccng2	1
Ccnh	1
Ccni	6
Ccnj	2
Ccnk	2
Ccnl1	2
Ccnl2	2
Ccnt1	8
Ccnt2	8
Ccny	0
Ccnyl1	0
Ccp110	2
Ccpg1	5
Ccpg1os	3
Ccr1	2
Ccr1l1	0
Ccr3	0
Ccr5	1
Ccrl2	6
Ccs	3
Ccser2	1
Cct2	0
Cct3	3
Cct4	1
Cct5	3
Cct6a	6
Cct7	3
Cct8	0
Ccz1	1
Cd101	9
Cd14	5
Cd151	3
Cd164	1
Cd180	9
Cd1d1	0
Cd200r1	1
Cd200r4	5
Cd22	5
Cd244	9
Cd274	6
Cd276	0
Cd2ap	8
Cd2bp2	2
Cd300a	9
Cd300lb	3
Cd300lf	8
Cd302	1
Cd320	5
Cd33	1
Cd34	6
Cd37	5
Cd3eap	3
Cd47	1
Cd48	1
Cd52	9
Cd53	1
Cd63	9
Cd68	5
Cd72	1
Cd74	5
Cd79b	3
Cd80	6
Cd81	6
Cd82	5
Cd83	1
Cd84	1
Cd86	1
Cd9	6
Cd99l2	6
Cdadc1	2
Cdan1	2
Cdc123	7
Cdc14a	1
Cdc14b	0
Cdc16	5
Cdc20	5
Cdc23	4
Cdc25a	3
Cdc26	0
Cdc27	0
Cdc34	3
Cdc37	3
Cdc37l1	8
Cdc40	1
Cdc42	1
Cdc42bpa	2
Cdc42bpb	2
Cdc42ep1	5
Cdc42ep3	6
Cdc42ep4	5
Cdc42se1	3
Cdc42se2	6
Cdc45	1
Cdc5l	3
Cdc73	1
Cdca4	1
Cdca7	8
Cdca8	0
Cdh23	5
Cdip1	1
Cdipt	5
Cdk1	9
Cdk10	3
Cdk11b	2
Cdk12	8
Cdk13	2
Cdk14	0
Cdk16	2
Cdk17	1
Cdk18	0
Cdk19	1
Cdk2	0
Cdk20	2
Cdk2ap1	3
Cdk2ap2	0
Cdk4	7
Cdk5	2
Cdk5r1	2
Cdk5rap1	3
Cdk5rap2	2
Cdk5rap3	3
Cdk6	8
Cdk7	1
Cdk8	2
Cdk9	3
Cdkal1	3
Cdkl3	0
Cdkl4	0
Cdkn1a	5
Cdkn1b	2
Cdkn1c	3
Cdkn2aip	2
Cdkn2aipnl	9
Cdkn2c	0
Cdkn2d	5
Cdpf1	2
Cds1	0
Cds2	1
Cdt1	0
Cdv3	2
Cdyl	6
Cdyl2	8
Ceacam1	3
Cebpa	3
Cebpb	3
Cebpd	3
Cebpg	0
Cebpz	2
Cebpzos	7
Cecr5	3
Cela1	1
Celf1	2
Celf2	1
Celf4	5
Cenpa	5
Cenpb	3
Cenpc1	2
Cenpf	9
Cenpl	1
Cenpo	5
Cenpp	0
Cenpq	1
Cenpt	0
Cenpv	3
Cep104	2
Cep112	2
Cep120	4
Cep128	0
Cep131	2
Cep135	2
Cep152	1
Cep162	2
Cep164	2
Cep170	1
Cep19	0
Cep192	8
Cep250	2
Cep290	2
Cep295	2
Cep350	2
Cep41	6
Cep44	8
Cep57	0
Cep57l1	2
Cep63	2
Cep68	0
Cep70	2
Cep76	1
Cep78	4
Cep83	2
Cep83os	1
Cep85	0
Cep85l	8
Cep89	3
Cep95	2
Cep97	0
Cept1	1
Cercam	3
Cerk	4
Cers2	6
Cers4	5
Cers5	1
Cers6	1
Cetn2	9
Cetn3	1
Cfap20	2
Cfap36	2
Cfap74	2
Cfap97	1
Cfdp1	7
Cfh	1
Cfl1	5
Cfl2	1
Cflar	2
Cggbp1	1
Cgrrf1	7
Chac2	7
Chad	6
Champ1	6
Chchd1	7
Chchd2	7
Chchd3	9
Chchd4	7
Chchd5	3
Chchd6	3
Chchd7	7
Chd1	0
Chd1l	2
Chd2	2
Chd3	2
Chd3os	1
Chd4	2
Chd6	2
Chd7	2
Chd8	2
Chd9	2
Chek2	0
Cherp	4
Chfr	0
Chic2	1
Chid1	2
Chka	0
Chkb	2
Chm	1
Chml	1
Chmp1a	5
Chmp1b	1
Chmp2a	3
Chmp2b	1
Chmp3	6
Chmp4b	2
Chmp5	7
Chmp6	3
Chmp7	3
Chn2	3
Chordc1	10
Chp1	1
Chpf2	4
Chpt1	1
Chrac1	7
Chst1	9
Chst10	0
Chst11	8
Chst12	5
Chst14	0
Chst15	1
Chst2	5
Chst7	3
Chst8	5
Chsy1	6
Chtf8	0
Chtop	2
Chuk	8
Churc1	7
Ciao1	0
Ciapin1	3
Cib1	3
Cib2	0
Cic	2
Cinp	2
Cipc	0
Cir1	0
Cirbp	0
Cirh1a	6
Cisd1	9
Cisd2	1
Cisd3	3
Cited2	0
Ciz1	2
Ckap2l	0
Ckap4	4
Ckap5	0
Ckb	4
Cklf	1
Cks1b	9
Cks2	1
Clasp1	0
Clasp2	8
Clasrp	2
Clcc1	5
Clcf1	2
Clcn3	1
Clcn4	6
Clcn5	1
Clcn6	0
Clcn7	6
Cldn12	1
Cldnd1	6
Clec16a	10
Clec1a	9
Clec1b	9
Clec4a1	0
Clec4a2	8
Clec4a3	8
Clec5a	8
Clec7a	9
Clgn	2
Clic1	3
Clic4	1
Clint1	1
Clip1	2
Clip2	2
Clk1	2
Clk2	2
Clk3	3
Clk4	2
Cln3	5
Cln5	6
Cln6	5
Cln8	6
Clns1a	1
Clock	8
Clp1	1
Clpb	2
Clpp	2
Clptm1	6
Clptm1l	6
Clpx	4
Clstn1	4
Clta	0
Cltb	3
Cltc	1
Cluap1	2
Cluh	0
Clybl	7
Cmas	3
Cmc1	7
Cmc2	0
Cmc4	7
Cmip	3
Cmklr1	0
Nat8f1	0
Cmpk1	1
Cmpk2	9
Cmss1	0
Cmtm3	5
Cmtm4	8
Cmtm6	6
Cmtm7	3
Cmtm8	3
Cmtr1	4
Cmtr2	6
Cmya5	2
Cnbd2	2
Cnbp	1
Cndp2	5
Cnep1r1	1
Cnih1	1
Cnih4	1
Cnksr3	0
Cnn2	0
Cnnm2	4
Cnnm3	6
Cnnm4	0
Cnot1	1
Cnot10	2
Cnot11	0
Cnot2	4
Cnot3	4
Cnot4	1
Cnot6	1
Cnot6l	1
Cnot7	1
Cnot8	0
Cnp	5
Cnppd1	3
Cnpy2	7
Cnpy3	3
Cnpy4	0
Cnr2	6
Cnrip1	0
Cnst	4
Cntln	2
Cntrl	2
Cntrob	2
Coa3	7
Coa4	2
Coa5	6
Coa6	7
Coa7	0
Coasy	3
Cog1	4
Cog2	4
Cog3	0
Cog4	4
Cog5	0
Cog6	1
Cog7	4
Cog8	4
Coil	0
Col15a1	2
Col27a1	2
Col4a3bp	2
Col6a3	6
Colgalt1	1
Commd1	7
Commd10	1
Commd2	7
Commd3	1
Commd4	2
Commd5	3
Commd6	7
Commd7	7
Commd8	1
Commd9	5
Comt	3
Comtd1	2
Copa	6
Copb1	6
Copb2	6
Cope	3
Copg1	4
Copg2	0
Coprs	1
Cops2	1
Cops3	1
Cops4	9
Cops5	8
Cops6	9
Cops7a	0
Cops7b	0
Cops8	0
Copz1	0
Copz2	2
Coq10a	3
Coq10b	1
Coq2	0
Coq3	1
Coq4	3
Coq5	0
Coq6	2
Coq7	7
Coq9	3
Coro1a	3
Coro1b	3
Coro1c	5
Coro2a	4
Coro7	5
Cotl1	3
Cox10	5
Cox11	1
Cox14	7
Cox15	1
Cox16	9
Cox17	7
Cox18	4
Cox19	0
Cox20	7
Cox4i1	9
Cox5a	7
Cox5b	7
Cox6a1	7
Cox6a2	9
Cox6b1	7
Cox6c	7
Cox7a2	7
Cox7a2l	9
Cox7b	7
Cox7c	0
Cox8a	7
Cp	1
Cpd	1
Cpe	6
Cpeb2	1
Cpeb3	0
Cpeb4	1
Cpne1	6
Cpne3	1
Cpox	0
Cpped1	0
Cpq	9
Cpsf1	4
Cpsf2	1
Cpsf3	5
Cpsf3l	3
Cpsf4	2
Cpsf6	1
Cpsf7	2
Cpt1a	4
Cpt2	3
Cptp	6
Cr1l	1
Cracr2b	2
Cradd	3
Cramp1l	8
Crat	4
Crbn	1
Crcp	2
Creb1	1
Creb3	5
Creb3l1	5
Creb3l2	4
Creb5	1
Crebbp	2
Crebl2	0
Crebrf	1
Crebzf	2
Creg1	5
Creld1	3
Creld2	3
Crem	0
Crim1	2
Crip1	5
Cript	7
Crk	1
Crkl	6
Crlf2	5
Crlf3	10
Crls1	7
Crnkl1	1
Crot	6
Crtap	5
Crtc1	4
Crtc2	3
Crtc3	2
Cry1	0
Cry2	3
Cryba4	3
Crybb1	3
Crybg3	0
Cryl1	0
Cryz	0
Cryzl1	6
Cs	6
Csad	3
Csde1	6
Cse1l	6
Csf1	5
Csf1r	4
Csf2ra	5
Csf2rb	4
Csf2rb2	0
Csf3r	4
Csgalnact2	1
Csk	3
Csmd3	8
Csnk1a1	1
Csnk1d	4
Csnk1e	2
Csnk1g1	8
Csnk1g2	3
Csnk1g3	1
Csnk2a1	0
Csnk2a2	1
Csnk2b	3
Cspp1	2
Csrnp1	4
Csrnp2	8
Csrp2bp	0
Cst3	3
Cst7	9
Cstb	7
Cstf1	0
Cstf2	6
Cstf2t	6
Cstf3	8
Ctage5	3
Ctbp1	4
Ctbp2	2
Ctbs	1
Ctc1	3
Ctcf	1
Ctdnep1	9
Ctdp1	4
Ctdsp1	2
Ctdsp2	0
Ctdspl	0
Ctdspl2	1
Ctla2b	1
Ctnna1	5
Ctnnal1	5
Ctnnb1	4
Ctnnbip1	0
Ctnnbl1	3
Ctnnd1	1
Ctnnd2	4
Ctns	6
Ctps	1
Ctps2	3
Ctr9	4
Ctsa	3
Ctsb	5
Ctsc	6
Ctsd	3
Ctsf	3
Ctsh	9
Ctsl	9
Ctso	1
Ctss	5
Ctsz	5
Cttnbp2nl	4
Ctu1	7
Ctu2	3
Cuedc2	3
Cul1	0
Cul2	1
Cul3	1
Cul4a	4
Cul4b	1
Cul5	1
Cul7	2
Cul9	2
Cuta	3
Cutc	7
Cux1	3
Cwc15	7
Cwc22	3
Cwc25	0
Cwc27	0
Cwf19l1	3
Cwf19l2	1
Cx3cr1	2
Cxcl10	9
Cxcl16	9
Cxcr3	0
Cxx1a	3
Cxx1b	3
Cxx1c	5
Cxxc1	2
Cxxc5	5
Cyb561a3	9
Cyb561d1	0
Cyb561d2	3
Cyb5a	7
Cyb5b	1
Cyb5d1	4
Cyb5d2	1
Cyb5r1	5
Cyb5r3	3
Cyb5r4	10
Cyb5rl	0
Cyba	5
Cybb	5
Cyc1	3
Cycs	0
Cyfip1	6
Cyhr1	3
Cyld	1
Cyp20a1	6
Cyp27a1	2
Cyp2r1	1
Cyp2u1	0
Cyp4f13	3
Cyp4f16	5
Cyp4v3	6
Cyp51	1
Cysltr1	1
Cyth1	4
Cyth2	3
Cyth3	5
Cyth4	4
Cytip	0
D030028A08Rik	2
D030056L22Rik	1
D10Jhu81e	3
D10Wsu102e	1
D11Wsu47e	0
D130040H23Rik	1
Fam91a1	1
D16Ertd472e	1
D17H6S53E	2
D17H6S56E-5	9
D17Wsu92e	3
Pum3	3
D1Ertd622e	1
D230025D16Rik	6
Spout1	3
D2hgdh	3
D330023K18Rik	1
D330045A20Rik	7
D3Ertd254e	1
D3Ertd751e	0
D430042O09Rik	0
D5Ertd579e	2
D5Ertd605e	9
D630045J12Rik	2
D6Wsu163e	6
D730005E14Rik	1
D830046C22Rik	0
D8Ertd738e	3
D8Ertd82e	4
D930015E06Rik	4
D930016D06Rik	2
Daam1	9
Dab2	0
Dact1	9
Dact3	4
Dad1	7
Dag1	6
Dagla	4
Daglb	5
Dalrd3	2
Dand5	2
Dap	5
Dap3	4
Dapk1	2
Dapk3	3
Dapp1	3
Dars	1
Dars2	5
Daxx	3
Dazap1	4
Dazap2	6
Dbf4	0
Dbi	7
Dbndd2	3
Dbnl	3
Dbp	0
Dbr1	1
Dbt	6
Dcaf10	1
Dcaf11	0
Dcaf12	1
Dcaf13	0
Dcaf15	2
Dcaf17	2
Dcaf4	5
Dcaf5	2
Dcaf6	2
Dcaf7	6
Dcaf8	4
Dcakd	3
Dcbld2	1
Dcdc2b	2
Dck	1
Dclk2	2
Dclre1a	0
Dclre1b	1
Dclre1c	2
Dcp1a	0
Dcp1b	3
Dcp2	2
Dcps	3
Dctd	1
Dctn1	3
Dctn2	3
Dctn3	3
Dctn4	1
Dctn5	2
Dctn6	3
Dctpp1	7
Dcun1d1	1
Dcun1d2	0
Dcun1d3	8
Dcun1d4	6
Dcun1d5	10
Dcxr	3
Dda1	3
Ddah2	3
Ddb1	6
Ddb2	0
Ddhd1	0
Ddhd2	8
Ddi2	2
Ddit3	2
Ddit4	3
Ddost	5
Ddrgk1	3
Ddt	3
Ddx1	1
Ddx10	0
Ddx11	4
Ddx17	2
Ddx18	5
Ddx19a	4
Ddx19b	0
Ddx20	6
Ddx21	4
Ddx23	2
Ddx24	3
Ints6l	2
Ddx27	3
Ddx28	6
Ddx31	0
Ddx39	2
Ddx39b	5
Ddx3x	4
Ddx3y	2
Ddx41	2
Ddx42	0
Ddx43	2
Ddx46	2
Ddx47	6
Ddx49	3
Ddx5	2
Ddx50	2
Ddx51	3
Ddx52	3
Ddx54	3
Ddx55	0
Ddx56	5
Ddx58	6
Ddx59	0
Ddx6	2
Ddx60	8
Deaf1	2
Deb1	2
Decr1	1
Decr2	5
Dedd	0
Dedd2	0
Def6	3
Def8	0
Degs1	6
Dek	7
Dennd1a	3
Dennd1b	1
Dennd1c	4
Dennd2a	4
Dennd2c	0
Dennd4a	8
Dennd4b	2
Dennd4c	1
Dennd5a	4
Dennd6a	1
Dennd6b	2
Denr	7
Depdc5	0
Depdc7	1
Deptor	2
Dera	0
Derl1	6
Derl2	1
Desi1	6
Desi2	1
Det1	0
Dexi	5
Dffa	3
Dffb	2
Dfna5	0
Dgat1	5
Dgcr14	3
Dgcr2	6
Dgcr6	3
Dgcr8	0
Dgka	2
Dgkd	0
Dgke	1
Dgkh	4
Dgkq	2
Dgkz	4
Dguok	7
Dhcr7	6
Dhdds	6
Dhdh	2
Dhfr	0
Dhodh	3
Dhps	2
Dhrs1	5
Dhrs11	3
Dhrs3	3
Dhrs4	3
Dhrs7	6
Dhrs7b	9
Dhrsx	3
Dhx15	1
Dhx16	3
Dhx29	0
Dhx30	4
Dhx32	4
Dhx33	4
Dhx34	4
Dhx35	4
Dhx36	1
Dhx37	4
Dhx38	3
Dhx40	0
Dhx57	2
Dhx58	0
Dhx8	4
Dhx9	2
Diablo	9
Diap1	0
Diap2	1
Dicer1	2
Dido1	8
Diexf	2
Dimt1	2
Dip2a	2
Dip2b	1
Dip2c	8
Dirc2	6
Dis3	8
Dis3l	4
Dis3l2	5
Disc1	2
Disp1	4
Dkc1	0
Dlat	0
Dlc1	8
Dld	1
Dleu2	2
Dlg1	1
Dlg3	4
Dlgap4	3
Dlst	3
Dmap1	3
Dmtf1	2
Dmtn	3
Dmxl1	1
Dmxl2	8
Dna2	1
Dnaaf2	0
Dnaaf3	0
Dnaaf5	4
Dnaja1	10
Dnaja2	9
Dnaja3	6
Dnaja4	3
Dnajb1	10
Dnajb11	0
Dnajb12	3
Dnajb14	8
Dnajb2	3
Dnajb4	10
Dnajb5	4
Dnajb6	0
Dnajb9	1
Dnajc1	2
Dnajc10	6
Dnajc11	4
Dnajc12	0
Dnajc13	8
Dnajc14	3
Dnajc15	7
Dnajc16	0
Dnajc17	3
Dnajc18	5
Dnajc19	1
Dnajc2	3
Dnajc21	2
Dnajc24	7
Dnajc25	7
Dnajc27	0
Dnajc28	2
Dnajc3	1
Dnajc30	0
Dnajc4	3
Dnajc5	8
Dnajc7	2
Dnajc8	3
Dnajc9	6
Dnal4	3
Dnase1l1	0
Dnase2a	4
Dnlz	3
Dnm1l	8
Dnm2	4
Dnmbp	2
Dnmt1	4
Dnmt3a	2
Dnmt3b	2
Dnpep	3
Dnph1	5
Dnttip1	3
Dnttip2	10
Doc2a	3
Dock1	0
Dock10	2
Dock11	1
Dock2	6
Dock4	1
Dock7	8
Dock8	8
Dock9	0
Dohh	3
Dok1	3
Dok3	3
Dolk	6
Dolpp1	3
Donson	0
Dopey1	8
Dopey2	0
Dot1l	2
Dpagt1	6
Dpcd	3
Dpf2	5
Dph1	4
Dph2	4
Dph3	3
Dph5	0
Dph6	1
Dph7	0
Dpm1	1
Dpm2	2
Dpm3	7
Dpp3	4
Dpp7	5
Dpp8	8
Dpp9	4
Dpy19l1	6
Dpy19l3	1
Dpy19l4	1
Dpy30	7
Dpysl2	1
Dr1	1
Dram2	1
Drap1	3
Drg1	6
Drg2	3
Drosha	4
Dscr3	0
Dse	1
Dsel	1
Dsn1	2
Dst	2
Dstn	6
Dstyk	1
Dtd1	5
Dtd2	1
Dtnb	0
Dtnbp1	0
Dtwd1	0
Dtwd2	0
Dtx2	3
Dtx3	3
Dtx3l	1
Dtx4	6
Dtymk	2
Duoxa1	9
Dus1l	3
Dus2	2
Dus3l	2
Dus4l	2
Dusp10	0
Dusp11	2
Dusp12	2
Dusp16	1
Dusp18	0
Dusp19	0
Dusp2	0
Dusp22	2
Dusp23	3
Dusp27	4
Dusp28	3
Dusp3	0
Dusp6	4
Dusp7	0
Dut	1
Dvl1	2
Dvl2	3
Dvl3	4
Dxo	3
Dym	4
Dync1h1	2
Dync1i2	5
Dync1li1	5
Dync1li2	8
Dync2h1	1
Dynll1	10
Dynll2	2
Dynlrb1	7
Dynlt1b	0
Dynlt3	1
Dyrk1a	0
Dyrk1b	3
Dyrk2	2
Dyrk4	2
Dzip3	8
E030024N20Rik	1
E130012A19Rik	3
E130215H24Rik	8
E130307A14Rik	2
E130308A19Rik	0
E130309D02Rik	3
E130311K13Rik	8
E130317F20Rik	1
E230013L22Rik	4
E230029C05Rik	1
E2f1	1
E2f2	5
E2f3	0
E2f4	3
E2f5	10
E2f6	0
E330009J07Rik	8
E330020D12Rik	2
E330033B04Rik	10
E430018J23Rik	10
E430025E21Rik	4
E4f1	2
Eaf1	0
Eapp	1
Ears2	2
Ebag9	8
Ebf3	2
Ebi3	9
Ebna1bp2	3
Ebp	9
Ebpl	9
Ecd	4
Ece1	4
Ece2	6
Ech1	3
Echdc1	6
Echs1	9
Eci1	2
Eci2	3
Ecscr	0
Ecsit	0
Edc3	6
Edc4	4
Edem1	1
Edem2	5
Edem3	1
Edf1	3
Ednrb	2
Edrf1	0
Eea1	2
Eed	1
Eef1a1	9
Eef1b2	9
Eef1d	5
Eef1e1	1
Eef1g	5
Eef2	4
Eef2k	4
Eef2kmt	2
Eefsec	5
Eepd1	2
Efcab14	1
Efcab2	0
Efemp2	4
Efhd2	4
Efnb1	4
Efnb2	1
Efr3a	6
Efl1	0
Eftud2	4
Egln1	5
Egln2	3
Egln3	9
Egr2	10
Ehbp1	0
Ehbp1l1	4
Ehd1	1
Ehd4	4
Ehhadh	0
Ehmt1	2
Ehmt2	3
Ei24	9
Eid1	1
Eid2	0
Eid2b	2
Eif1	2
Eif1a	1
Eif1ad	7
Eif1ax	1
Eif1b	7
Eif2a	1
Eif2ak1	5
Eif2ak2	2
Eif2ak3	4
Eif2ak4	2
Eif2b1	0
Eif2b2	3
Eif2b3	0
Eif2b4	3
Eif2b5	4
Eif2d	3
Eif2s1	1
Eif2s2	1
Eif2s3x	1
Eif2s3y	8
Eif3a	2
Eif3b	5
Eif3c	4
Eif3d	3
Eif3e	1
Eif3f	9
Eif3g	3
Eif3h	9
Eif3i	9
Eif3k	9
Eif3l	4
Eif3m	9
Eif4a1	3
Eif4a2	2
Eif4a3	3
Eif4b	4
Eif4e	6
Eif4e2	2
Eif4e3	1
Eif4ebp1	3
Eif4ebp2	2
Eif4ebp3	2
Eif4enif1	2
Eif4g1	2
Eif4g2	8
Eif4g3	2
Eif4h	3
Eif5	2
Eif5a	5
Eif5a2	1
Eif5b	2
Eif6	5
Elac1	8
Elac2	4
Elavl1	6
Elavl4	2
Elf1	1
Elf2	2
Elf4	0
Elk1	0
Elk3	5
Elk4	1
Ell	4
Ell2	1
Elmo1	6
Elmo2	4
Elmod2	1
Elmod3	5
Elmsan1	2
Elof1	2
Elovl1	6
Elovl5	6
Elp2	0
Elp3	5
Elp4	1
Elp5	0
Elp6	0
Emc1	6
Emc10	5
Emc2	1
Emc3	6
Emc4	6
Emc6	1
Emc7	1
Emc8	1
Emc9	3
Emd	3
Eme2	2
Emg1	2
Eml3	4
Eml4	1
Eml6	2
Emp2	5
Emp3	3
Enc1	0
Endod1	1
Endog	3
Endov	2
Eng	4
Engase	3
Enho	0
Eno1	5
Eno3	3
Eno4	0
Enoph1	0
Enox2	0
Enpp1	6
Enpp4	1
Enpp5	9
Ensa	2
Tepsin	3
Entpd1	4
Entpd5	1
Entpd6	2
Entpd7	0
Eny2	7
Eogt	6
Ep300	8
Ep400	2
Epb41	4
Epb41l1	9
Epb4.1l2	2
Epb41l3	5
Epb41l4aos	2
Epb41l5	0
Epc1	2
Epc2	2
Epg5	1
Epha2	4
Ephb3	4
Ephx1	5
Epm2aip1	8
Epn1	4
Epn2	2
Epor	2
Eprs	4
Eps15	1
Eps15l1	2
Eps8	4
Eps8l1	4
Epsti1	9
Ept1	1
Eral1	0
Erap1	1
Erbin	8
Ercc1	3
Ercc2	4
Ercc3	3
Ercc4	4
Ercc5	2
Ercc6	0
Ercc6l2	0
Ercc8	0
Erf	2
Ergic1	6
Ergic2	2
Ergic3	5
Erh	7
Eri1	1
Eri2	1
Eri3	3
Erich1	0
Erlec1	1
Erlin1	1
Erlin2	6
Ermap	0
Ermard	2
Ermp1	6
Ern1	0
Ero1l	1
Ero1lb	1
Erp29	2
Erp44	1
Errfi1	1
Esco1	8
Esd	9
Esf1	7
Espl1	4
Esr1	1
Esrra	3
Esyt1	6
Esyt2	6
Etaa1	1
Etf1	1
Etfa	1
Etfb	5
Etfdh	0
Ethe1	3
Etnk1	1
Etohd2	2
Zfp971	8
Ets1	1
Ets2	4
Etv1	1
Etv3	1
Etv5	6
Etv6	6
Eva1a	2
Eva1b	3
Evi2a	1
Evi5	8
Evi5l	0
Evl	4
Ewsr1	2
Exd2	0
Exo5	1
Exoc1	0
Exoc2	6
Exoc3	0
Exoc4	2
Exoc5	1
Exoc6	6
Exoc6b	1
Exoc7	4
Exoc8	1
Exog	10
Exosc1	7
Exosc10	3
Exosc2	0
Exosc3	1
Exosc4	6
Exosc5	3
Exosc6	3
Exosc7	0
Exosc8	0
Exosc9	1
Ext1	4
Ext2	5
Extl2	6
Extl3	0
Eya3	0
Eya4	1
Ezh1	4
Ezh2	0
Ezr	5
F11r	6
F3	5
F8a	5
F9	0
Faap100	4
Faap20	3
Faap24	0
Fadd	3
Fads1	4
Fads3	2
Faf1	0
Faf2	6
Fahd1	2
Fahd2a	1
Faim	7
Fam102a	4
Fam102b	1
Fam103a1	1
Fam104a	0
Fam105a	1
Fam107b	1
Fam109a	3
Fam110a	4
Fam111a	6
Fam114a1	2
Fam114a2	2
Fam117a	0
Fam117b	6
Fam118a	1
Fam118b	0
Fam120a	2
Fam120aos	1
Fam120b	1
Fam120c	0
Fam122a	2
Fam122b	1
Fam126a	1
Fam126b	8
Fam129a	6
Fam129b	4
Fam131a	2
Fam133b	1
Fam134a	5
Fam134b	6
Fam134c	0
Fam135a	0
Fam136a	1
Fam13a	0
Fam13b	2
Fam149a	5
Fam149b	2
Fam151b	1
Fam160a2	2
Fam160b1	0
Fam160b2	2
Fam162a	7
Fam167b	5
Fam168a	3
Fam168b	1
Fam171a1	0
Fam172a	6
Fam173a	3
Fam173b	2
Fam174a	1
Fam175a	1
Fam175b	6
Fam178a	8
Fam179b	8
Fam181b	5
Fam185a	0
Fam188a	1
Fam188b	3
Fam192a	3
Fam193a	2
Fam193b	2
Fam195a	3
Fam195b	7
Fam196a	8
Fam196b	2
Fam199x	1
Fam204a	2
Fam206a	1
Fam207a	3
Fam208a	8
Fam208b	2
Fam20b	1
Fam20c	5
Fam21	4
Fam210a	8
Fam210b	4
Fam212a	0
Fam213a	1
Fam213b	5
Fam214a	4
Fam214b	3
Fam216a	6
Fam217b	4
Fam219a	3
Fam219b	10
Fam220a	0
Fam222b	0
Fam26f	9
Fam32a	3
Fam35a	2
Fam3a	3
Fam3c	6
Fam43a	0
Fam45a	1
Fam46a	10
Fam46c	1
Fam49a	6
Fam49b	1
Fam50a	3
Fam53a	3
Fam53b	4
Fam53c	0
Fam58b	7
Fam60a	1
Fam63a	3
Fam63b	1
Fam65a	5
Fam65b	8
Fam69a	1
Fam69b	4
Fam72a	10
Miga1	0
Miga2	4
Fam76a	0
Fam76b	1
Fam78a	0
Fam83g	0
Fam84b	0
Fam89a	5
Fam89b	3
Fam8a1	1
Fam92a	8
Fam96a	1
Fam96b	2
Fam98a	0
Fam98b	2
Fam98c	3
Fan1	1
Fancb	1
Fancc	0
Fance	3
Fancf	0
Fancg	0
Fancl	1
Far1	1
Farp1	0
Farp2	0
Fars2	0
Farsa	3
Farsb	3
Fas	1
Fasn	4
Fastk	2
Fastkd1	6
Fastkd2	1
Fastkd3	2
Fastkd5	1
Fat3	8
Fau	9
Fbf1	3
Fbl	5
Fblim1	0
Fbrs	2
Fbrsl1	4
Fbxl12	2
Fbxl12os	8
Fbxl14	4
Fbxl15	3
Fbxl17	1
Fbxl18	2
Fbxl19	2
Fbxl20	0
Fbxl3	1
Fbxl4	1
Fbxl5	1
Fbxl6	3
Fbxl8	4
Fbxo10	4
Fbxo11	2
Fbxo17	3
Fbxo18	2
Fbxo21	5
Fbxo22	6
Fbxo25	0
Fbxo28	1
Fbxo3	1
Fbxo30	1
Fbxo31	4
Fbxo32	0
Fbxo33	1
Fbxo34	5
Fbxo36	0
Fbxo38	0
Fbxo4	0
Fbxo42	1
Fbxo45	1
Fbxo46	0
Fbxo5	2
Fbxo6	5
Fbxo7	9
Fbxo8	1
Fbxo9	2
Fbxw10	2
Fbxw11	6
Fbxw17	7
Fbxw2	1
Fbxw4	0
Fbxw5	3
Fbxw7	2
Fbxw8	4
Fbxw9	2
Fcer1g	7
Fcf1	7
Fcgr1	0
Fcgr2b	9
Fcgr3	3
Fcgr4	6
Fcgrt	5
Fcho2	1
Fchsd1	4
Fchsd2	8
Fcrl1	5
Fcrls	0
Fdft1	5
Fdps	5
Fdx1	9
Fdx1l	2
Fdxacb1	0
Fdxr	4
Fech	5
Fem1a	0
Fem1b	1
Fem1c	1
Fen1	5
Fer	8
Fer1l5	5
Fermt3	3
Fes	3
Fez2	3
Fgd2	2
Fgd3	8
Fgd4	8
Fgf13	0
Fgfbp3	1
Fgfr1op	2
Fgfr1op2	0
Fgfrl1	3
Fggy	0
Fgl2	9
Fgr	9
Fh1	5
Fhad1	2
Fhit	7
Fhl3	2
Fhod1	2
Fibp	0
Ficd	6
Fig4	5
Fignl1	9
Filip1l	2
Fip1l1	0
Firre	2
Fis1	9
Fitm2	1
Fiz1	4
Fkbp14	1
Fkbp15	3
Fkbp1a	6
Fkbp1b	7
Fkbp2	5
Fkbp3	7
Fkbp4	3
Fkbp5	3
Fkbp7	1
Fkbp8	3
Fkbp9	5
Fkbpl	0
Fkrp	4
Fktn	0
Flad1	0
Flcn	2
Fli1	6
Flii	4
Flna	6
Flnb	4
Flot1	4
Flot2	5
Flt3l	3
Flywch1	4
Fmn1	8
Fmnl1	4
Fmnl2	8
Fmnl3	2
Fmo5	0
Fmr1	1
Fn3krp	2
Fnbp1	3
Fnbp1l	2
Fnbp4	2
Fndc3a	1
Fndc3b	1
Fndc4	3
Fnip1	8
Fnip2	1
Fnta	7
Fntb	5
Focad	0
Folr2	9
Fopnl	1
Fosl2	1
Foxj2	0
Foxj3	1
Foxk1	3
Foxk2	8
Foxn2	1
Foxn3	0
Foxo1	1
Foxo3	4
Foxp1	5
Foxp4	4
Foxred1	0
Fpgs	0
Fpgt	1
Fra10ac1	2
Frat1	3
Frat2	3
Frg1	7
Frmd4a	2
Frmd4b	4
Frmd6	0
Frmd7	1
Frmd8	4
Frrs1	0
Frs2	1
Frs3	2
Fry	2
Fryl	8
Fscn1	4
Fth1	9
Ftl1	5
Fto	6
Ftsj1	3
Mrm2	5
Ftsj3	0
Ftx	2
Fubp1	10
Fubp3	6
Fuca1	5
Fuca2	6
Fuk	4
Fundc1	1
Fundc2	1
Fuom	7
Furin	4
Fus	2
Fut10	6
Fut11	6
Fut4	6
Fut8	8
Fuz	0
Fv1	0
Fxn	3
Fxr1	8
Fxr2	3
Fxyd5	5
Fyb	2
Fyco1	2
Fyn	2
Fyttd1	1
Fzd4	1
Fzd7	4
Fzd8	6
Fzr1	4
G2e3	1
G3bp1	5
G3bp2	6
G530011O06Rik	2
G6pc3	5
G6pdx	5
Gaa	4
Gab1	6
Gab2	2
Gab3	3
Gabarap	7
Gabarapl1	4
Gabarapl2	7
Gabbr1	2
Gabpa	1
Gabpb1	1
Gabpb2	2
Gadd45g	2
Gadd45gip1	3
Gadl1	9
Gak	6
Gal3st4	9
Galc	6
Gale	5
Galk1	5
Galk2	5
Galm	4
Galns	0
Galnt1	6
Galnt10	4
Galnt11	4
Galnt12	0
Galnt16	0
Galnt2	4
Galnt3	9
Galnt4	1
Galnt6	5
Galnt7	1
Galt	2
Gamt	5
Ganab	6
Ganc	4
Gapdh	5
Gapvd1	8
Gar1	3
Garnl3	2
Gars	5
Gart	6
Gas2l1	4
Gas2l3	0
Gas5	8
Gas6	9
Gas8	3
Gatad1	1
Gatad2a	4
Gatad2b	2
Gatb	3
Gatc	3
Gatm	1
Gatsl2	0
Gatsl3	5
Gba	5
Gba2	3
Gbas	5
Gbe1	6
Gbf1	2
Gbgt1	0
Gbp2	9
Gbp3	4
Gbp5	8
Gbp7	3
Gbp9	0
Gca	1
Gcat	0
Gcc1	4
Gcc2	2
Gcdh	0
Gcfc2	10
Gch1	0
Gclc	0
Gclm	0
Gcn1l1	4
Gcnt1	6
Gcnt2	6
Gcnt7	1
Gcsh	1
Gdap10	1
Gdap2	1
Gde1	0
Gdf9	2
Gdi1	2
Gdi2	1
Gdpd1	5
Gdpd3	7
Gdpd5	0
Gdpgp1	0
Gem	2
Gemin2	0
Gemin4	4
Gemin5	4
Gemin6	1
Gemin7	7
Gemin8	3
Get4	0
Gfer	0
Gfm1	0
Gfm2	2
Gfod2	9
Gfpt1	1
Gga1	4
Gga2	0
Gga3	3
Ggact	0
Ggct	0
Ggcx	5
Ggh	1
Ggnbp2	2
Ggnbp2os	8
Ggps1	1
Ggt5	3
Ggta1	1
Ghdc	3
Ghitm	6
Gid4	4
Gid8	7
Gigyf1	2
Gigyf2	2
Gimap1	5
Gimap5	2
Gimap6	3
Gimap9	9
Gin1	0
Ginm1	6
Gins1	0
Gins2	1
Gins3	0
Gins4	7
Gipc1	3
Git1	4
Git2	4
Gkap1	2
Gla	9
Glb1	5
Glb1l	0
Glcci1	2
Glce	0
Gle1	2
Glg1	4
Glipr1	7
Glis3	0
Glmn	1
Glmp	5
Glo1	3
Glod4	6
Glrp1	0
Glrx	9
Glrx2	1
Glrx3	7
Glrx5	5
Gls	1
Glt8d1	1
Gltp	5
Gltscr1	2
Gltscr1l	0
Gltscr2	3
Glud1	6
Glul	2
Glyr1	4
Gm10033	8
Gm10336	2
Gm10509	1
Gm10548	2
Gm10790	2
Gm11423	2
Gm11545	0
Gm11696	2
Gm12250	6
Gm12338	2
Gm12522	1
Gm128	5
Tmem35b	7
Zfp984	1
Gm13889	2
Gm14005	2
Gm14023	8
Gm14325	8
Gm14326	8
Gm14403	2
Gm15417	2
Gm15706	2
Gm15708	8
Gm15760	8
Gm15800	2
Gm15880	1
Gm16023	2
Gm16062	0
Gm16576	0
Gm16617	8
Gm16702	0
Gm16845	8
Gm16861	2
Gm16897	8
Gm17066	2
Tarbp1	0
Gm1821	3
Gm1966	8
Gm19897	0
Gm20199	8
Gm20300	8
Gm20939	2
Gm29766	0
Gm2a	4
Gm3219	5
Gm3230	0
Gm3414	8
Gm3604	8
Gm3636	2
Gm3704	0
Gm4285	0
Gm4788	0
Zfp994	1
Gm4951	6
Tpbgl	5
Gm5086	1
Gm5134	9
Gm5141	8
Gm527	1
Gm5431	1
Gm5544	9
Zfp975	2
Gm561	7
Gm5617	7
Usf3	2
Gm6277	2
Gm6548	2
Gm6583	0
Tmem267	0
Gm7694	2
Gm9054	2
Gm9776	1
Gm9920	0
Gm996	3
Gmcl1	0
Gmds	0
Gmeb1	2
Gmeb2	4
Gmfb	1
Gmfg	7
Gmip	4
Gmnn	1
Gmppa	3
Gmppb	5
Gmpr	4
Gmpr2	2
Gmps	1
Gna11	2
Gna12	4
Gna13	1
Gna15	3
Gnai2	3
Gnai3	1
Gnal	0
Gnaq	8
Gnas	5
Gnb1	6
Gnb1l	0
Gnb2	3
Rack1	9
Gnb5	7
Gne	4
Gng10	1
Gng12	6
Gng2	4
Gng5	7
Gng7	4
Gngt2	7
Gnl1	3
Gnl2	3
Gnl3	1
Gnl3l	0
Gnpat	4
Gnpda1	0
Gnpda2	1
Gnpnat1	1
Gnptab	6
Gnptg	3
Gns	5
Golga1	8
Golga2	4
Golga3	0
Golga4	2
Golga5	2
Golga7	1
Golgb1	2
Golim4	0
Golm1	4
Golph3	1
Golph3l	1
Golt1b	6
Gon4l	2
Gopc	2
Gorab	2
Gorasp1	4
Gorasp2	6
Gosr1	6
Gosr2	6
Got1	5
Got2	5
Gp9	2
Gpaa1	5
Gpalpp1	1
Gpam	6
Gpank1	0
Gpatch1	3
Gpatch11	0
Gpatch2	1
Gpatch2l	0
Gpatch3	0
Gpatch4	0
Gpatch8	0
Gpbp1	10
Gpbp1l1	2
Gpcpd1	0
Gpd1	3
Gpd1l	6
Gpd2	0
Gphn	0
Gpi1	4
Gpkow	3
Gpld1	1
Gpm6b	0
Gpn1	0
Gpn2	2
Gpn3	2
Gpr107	5
Gpr108	5
Gpr137	3
Gpr137b	3
Gpr137b-ps	1
Gpr146	0
Gpr150	3
Gpr155	6
Gpr157	0
Gpr160	1
Gpr162	9
Gpr165	2
Gpr180	6
Gpr183	6
Gpr19	8
Gpr34	1
Gpr35	2
Gpr65	6
Gpr84	9
Gpr89	6
Gprasp1	4
Gprasp2	0
Gps1	3
Gps2	3
Gpsm1	3
Gpsm3	3
Gpt2	0
Gpx1	5
Gpx4	5
Gramd1a	2
Gramd1b	4
Gramd3	0
Gramd4	2
Grap	3
Grb2	3
Grcc10	7
Grhpr	3
Grina	5
Gripap1	3
Grk6	4
Grn	5
Grpel1	7
Grpel2	0
Grsf1	1
Grwd1	3
Gsap	1
Gsdmd	3
Gse1	3
Gsg1	5
Gsg2	8
Gsk3a	3
Gsk3b	8
Gskip	1
Gsn	5
Gspt1	1
Gsr	6
Gss	4
Gstcd	2
Gstk1	5
Gstm1	5
Gstm4	6
Gstm5	9
Gsto1	5
Gstp1	5
Gstt2	0
Gstt3	5
Gstz1	0
Gt(ROSA)26Sor	2
Gtdc1	1
Gtf2a1	1
Gtf2a2	1
Gtf2b	7
Gtf2e1	1
Gtf2e2	1
Gtf2f1	3
Gtf2f2	0
Gtf2h1	0
Gtf2h2	8
Gtf2h3	8
Gtf2h4	3
Gtf2h5	7
Gtf2i	2
Gtf2ird1	4
Gtf2ird2	4
Gtf3a	0
Gtf3c1	4
Gtf3c2	2
Gtf3c3	6
Gtf3c4	1
Gtf3c5	4
Gtf3c6	0
Gtpbp1	4
Gtpbp10	1
Gtpbp2	2
Gtpbp3	3
Gtpbp4	9
Gtpbp6	2
Gtpbp8	0
Guca1a	9
Gucd1	2
Guf1	1
Guk1	7
Gusb	5
Gxylt1	2
Gyg	1
Gk	1
Gys1	4
Gzf1	8
H13	5
H1f0	2
H2-Aa	6
H2-Ab1	6
H2-D1	5
H2-DMa	5
H2-DMb1	5
H2-DMb2	3
H2-Eb1	6
H2-K1	9
H2-Ke6	3
H2-M3	9
H2-Oa	3
H2-Ob	6
H2-Q4	3
H2-T23	5
H2-T24	2
H2afj	2
H2afv	7
H2afx	5
H2afy	3
H2afz	1
H3f3a	1
H3f3b	1
H6pd	6
Haao	9
Habp4	3
Hacd1	7
Hacd2	1
Hacd3	6
Hacd4	9
Hace1	0
Hacl1	3
Hadh	5
Hadha	4
Hadhb	1
Hagh	3
Haghl	0
Harbi1	0
Hars	3
Hars2	0
Hat1	8
Haus1	1
Haus2	0
Haus3	1
Haus4	5
Haus5	3
Haus6	0
Haus7	3
Haus8	3
Havcr2	3
Hax1	0
Hbegf	2
Hbp1	7
Hbs1l	0
Hcar2	9
Hccs	1
Hcfc1	4
Hcfc1r1	3
Hcfc2	1
Hck	3
Hcls1	4
Hcst	7
Hdac1	0
Hdac10	2
Hdac11	3
Hdac2	1
Hdac3	1
Hdac4	2
Hdac5	4
Hdac6	4
Hdac8	8
Hdac9	1
Hddc2	0
Hddc3	2
Hdgf	3
Hdgfrp2	3
Hdgfrp3	2
Hdhd2	0
Hdhd3	0
Hdlbp	4
Heatr1	4
Heatr3	5
Heatr5a	1
Heatr5b	0
Heatr6	0
Hebp1	9
Heca	1
Hectd1	8
Hectd3	4
Helb	4
Helq	2
Helz	8
Hemk1	2
Herc1	8
Herc2	8
Herc3	1
Herc4	0
Herc6	1
Herpud1	9
Herpud2	6
Hes1	5
Hes6	3
Hexa	0
Hexb	6
Hexdc	2
Hexim1	3
Hexim2	3
Hfe	0
Hgf	1
Hgh1	3
Hgs	4
Hgsnat	6
Hhat	5
Hhex	1
Mfsd14a	1
Mfsd14b	1
Hibadh	6
Hibch	7
Hic2	2
Hif1a	1
Hif1an	8
Higd1a	7
Higd2a	7
Hilpda	7
Hinfp	2
Hint1	7
Hint2	7
Hint3	1
Hip1	0
Hipk1	8
Hipk2	2
Hipk3	1
Hira	3
Hirip3	2
Hist1h1c	2
Hist1h1e	2
Hist1h2bc	2
Hist1h2be	2
Hist1h4d	2
Hist2h2be	2
Hist3h2a	2
Hivep1	2
Hivep2	2
Hivep3	2
Hjurp	2
Hk1	4
Hk2	5
Hk3	4
Hlcs	6
Hlf	9
Hltf	1
Hlx	3
Hmbox1	2
Hmbs	0
Hmces	3
Hmg20a	2
Hmg20b	3
Hmga2-ps1	2
Hmgb1	7
Hmgb2	1
Hmgcl	0
Hmgcr	1
Hmgcs1	1
Hmgn1	7
Hmgn2	9
Hmgn3	9
Hmgn5	0
Hmgxb3	4
Hmgxb4	2
Hmha1	4
Hmox1	2
Hmox2	3
Hn1	5
Hn1l	6
Hnmt	6
Hnrnpa0	2
Hnrnpa1	2
Hnrnpa2b1	2
Hnrnpa3	8
Hnrnpab	0
Hnrnpc	0
Hnrnpd	0
Hnrnpdl	2
Hnrnpf	5
Hnrnph1	2
Hnrnph2	1
Hnrnph3	2
Hnrnpk	1
Hnrnpl	0
Hnrnpll	1
Hnrnpm	3
Hnrnpr	0
Hnrnpu	4
Hnrnpul1	4
Hnrnpul2	2
Homer1	1
Homer3	3
Homez	6
Hook2	4
Hook3	8
Hp1bp3	4
Hpcal1	3
Hpgd	0
Hpgds	2
Hpn	9
Hprt	1
Hps1	4
Hps3	1
Hps4	3
Hps5	0
Hps6	4
Hras	2
Hrh2	4
Rida	7
Hs1bp3	0
Hs2st1	1
Hs3st3b1	6
Hs6st1	4
Hsbp1	7
Hscb	1
Hsd17b10	5
Hsd17b11	2
Hsd17b12	6
Hsd17b4	5
Hsd17b7	1
Hsd3b7	2
Hsdl1	4
Hsdl2	6
Hsf1	2
Hsf2	2
Hsf2bp	0
Hsp90aa1	2
Hsp90ab1	3
Hsp90b1	2
Hspa12a	6
Hspa13	1
Hspa14	1
Hspa2	5
Hspa4	3
Hspa4l	2
Hspa5	3
Hspa8	3
Hspa9	5
Hspb11	7
Hspb3	7
Hspb6	2
Hspbap1	9
Hspbp1	3
Hspd1	10
Hspe1	7
Hsph1	10
Htatip2	0
Htatsf1	2
Htra2	2
Htra3	5
Htt	8
Hus1	1
Huwe1	2
Hvcn1	5
Hyal2	5
Hyal3	9
Hyi	9
Hykk	6
Hyls1	0
Hyou1	0
Hypk	7
I830077J02Rik	0
Iah1	8
Iars	1
Iars2	5
Iba57	4
Ibtk	0
Icam1	5
Icam2	3
Ice1	2
Ice2	2
Ick	3
Icmt	0
Icosl	3
Ict1	3
Id2	1
Ide	8
Idh1	6
Idh2	3
Idh3a	6
Idh3b	2
Idh3g	3
Idnk	7
Ids	6
Idua	5
Ier2	2
Ier3	4
Ier3ip1	7
Ier5	2
Iffo1	2
Iffo2	2
Ifi204	9
Ifi27	9
Ifi27l2a	9
Ifi30	3
Ifi35	0
Ifi47	1
Ifih1	1
Ifit1	1
Ifit2	9
Ifit3	9
Ifit3b	9
Ifitm10	2
Ifitm2	9
Ifitm3	9
Ifnar1	6
Ifnar2	5
Ifngr1	3
Ifngr2	0
Ifrd1	2
Ifrd2	0
Ift122	0
Ift140	4
Ift172	4
Ift20	2
Ift22	0
Ift27	7
Ift43	0
Ift46	5
Ift52	1
Ift57	0
Ift74	2
Ift80	0
Ift81	2
Ift88	0
Igbp1	7
Igf1r	8
Igf2bp2	5
Igfbp4	9
Ighmbp2	4
Igip	2
Igsf6	3
Igsf8	5
Igtp	9
Ik	3
Ikbip	1
Ikbkap	0
Ikbkb	2
Ikbkg	1
Ikzf1	1
Ikzf2	0
Ikzf5	1
Il10ra	3
Il10rb	1
Il11ra1	0
Il12rb2	1
Il13ra1	1
Il15	8
Il15ra	2
Il16	5
Il17ra	5
Il18	2
Il18bp	9
Il1a	8
Il1b	1
Il1r1	1
Il1rap	1
Il1rl1	1
Il1rl2	8
Il21r	3
Il27	0
Il2rg	9
Il4ra	4
Il6	1
Il6ra	3
Il6st	1
Il7r	2
Ildr1	0
Ildr2	5
Ilf2	5
Ilf3	0
Ilk	3
Ilkap	3
Ilvbl	5
Immp1l	1
Immp2l	1
Immt	4
Imp3	7
Imp4	3
Impa1	1
Impa2	4
Impact	8
Impad1	1
Impdh1	3
Impdh2	3
Patj	0
Inafm1	3
Inafm2	0
Incenp	3
Ing1	3
Ing2	2
Ing3	0
Ing4	2
Ing5	0
Inip	1
Ino80	2
Ino80b	3
Ino80c	6
Ino80d	2
Ino80dos	1
Ino80e	3
Inpp1	0
Inpp4a	2
Inpp4b	8
Inpp5a	4
Inpp5b	4
Inpp5d	4
Inpp5e	3
Inpp5f	6
Inpp5k	4
Inppl1	2
Insig1	6
Insig2	1
Insr	2
Ints1	4
Ints10	0
Ints12	1
Ints2	1
Ints3	0
Ints4	0
Ints5	6
Ints6	1
Ints7	0
Ints8	10
Ints9	5
Intu	0
Invs	0
Ip6k1	2
Ip6k2	2
Ipcef1	1
Ipmk	1
Ipo11	1
Ipo13	4
Ipo4	4
Ipo5	6
Ipo7	1
Ipo8	1
Ipo9	4
Ipp	1
Ippk	1
Iqcb1	0
Iqcc	2
Iqce	4
Iqgap1	5
Iqgap3	4
Iqsec1	2
Iqsec2	2
Irak1	2
Irak1bp1	0
Irak2	4
Irak3	6
Irak4	3
Ireb2	8
Irf1	0
Irf2	0
Irf2bp1	3
Irf2bp2	0
Irf2bpl	4
Irf3	3
Irf4	1
Irf5	3
Irf7	9
Irf8	4
Irf9	6
Irgm1	6
Irgm2	1
Irgq	8
Irs2	0
Irs3	6
Isca1	6
Isca2	7
Iscu	3
Isg15	9
Isg20	0
Isg20l2	0
Isoc1	1
Isoc2b	7
Ist1	1
Isy1	3
Isyna1	3
Itch	6
Itfg1	6
Itfg2	3
Fam234a	3
Itga5	4
Itga6	0
Itga9	4
Itgam	0
Itgav	1
Itgax	5
Itgb1	6
Itgb1bp1	7
Itgb2	5
Itgb3	1
Itgb3bp	1
Itgb5	3
Itm2b	9
Itm2c	5
Itpa	2
Itpk1	4
Itpkb	0
Itpkc	0
Itpr1	2
Itpr2	2
Itpr3	4
Itprip	0
Itpripl1	1
Itpripl2	2
Itsn1	3
Itsn2	2
Ivd	4
Ivns1abp	2
Iws1	8
Izumo4	0
Jade1	8
Jade2	3
Jade3	6
Jag2	4
Jagn1	0
Jak1	4
Jak2	2
Jak3	4
Jam2	1
Jam3	9
Jarid2	0
Jazf1	1
Jdp2	3
Jkamp	1
Jmjd1c	2
Jmjd4	0
Jmjd6	2
Jmjd8	3
Jmy	2
Josd1	6
Josd2	2
Jph3	4
Jpx	2
Jrk	0
Jrkl	8
Jtb	2
Junb	2
Jund	3
Jup	4
Kalrn	0
Kank3	4
Kansl1	1
Kansl1l	8
Kansl2	2
Kansl3	2
Kantr	1
Kars	3
Kat2a	3
Kat2b	8
Kat5	4
Kat6a	2
Kat6b	2
Kat7	6
Kat8	3
Katna1	0
Katnal1	8
Katnb1	3
Katnbl1	1
Kbtbd12	0
Kbtbd2	1
Kbtbd3	2
Kbtbd4	6
Kbtbd7	1
Kbtbd8	1
Kcmf1	10
Kcna3	6
Kcnd1	0
Kcnip3	4
Kcnj10	9
Kcnj12	5
Kcnj2	1
Kcnj9	3
Kcnk12	3
Kcnk13	1
Kcnk6	3
Kcnma1	0
Kcnn4	3
Kcnq1ot1	2
Kcp	4
Kctd10	3
Kctd11	0
Kctd12	8
Kctd12b	0
Kctd13	0
Kctd18	2
Kctd2	3
Kctd20	0
Kctd21	0
Kctd3	2
Kctd5	0
Kctd6	0
Kctd7	1
Kctd9	8
Kdelc1	8
Kdelc2	1
Kdelr1	3
Kdelr2	1
Kdm1a	3
Kdm1b	6
Kdm2a	8
Kdm2b	2
Kdm3a	1
Kdm3b	2
Kdm4a	2
Kdm4b	4
Kdm4c	1
Kdm5a	8
Kdm5b	0
Kdm5c	0
Kdm5d	8
Kdm6a	1
Kdm6b	2
Kdm7a	1
Kdm8	3
Kdr	0
Kdsr	1
Keap1	4
Khdrbs1	1
Khdrbs3	5
Khk	3
Khnyn	2
Khsrp	4
Kidins220	2
Kif13a	2
Kif13b	0
Kif16b	0
Kif1b	1
Kif1bp	5
Kif1c	2
Kif21b	2
Kif24	2
Kif2a	1
Kif3a	0
Kif3b	2
Kif3c	3
Kif5b	8
Kif9	2
Kifap3	6
Kifc3	2
Kin	0
Kitl	10
Kiz	2
Klc1	2
Klc2	2
Klc4	2
Klf10	6
Klf11	4
Klf12	8
Klf13	3
Klf15	6
Klf16	3
Klf2	3
Klf3	1
Klf6	6
Klf7	2
Klf9	0
Klhdc1	1
Klhdc10	1
Klhdc2	0
Klhdc3	3
Klhdc4	2
Klhdc8b	2
Klhdc9	0
Klhl11	1
Klhl12	0
Klhl13	1
Klhl15	1
Klhl17	2
Klhl18	4
Klhl2	1
Klhl20	0
Klhl21	5
Klhl22	4
Klhl23	1
Klhl24	1
Klhl25	6
Klhl26	4
Klhl28	1
Klhl35	4
Klhl36	4
Klhl38	6
Klhl42	1
Klhl5	6
Klhl6	0
Klhl7	1
Klhl8	1
Klhl9	1
Klk8	5
Klrd1	0
Klrg2	6
Kmt2a	2
Kmt2b	2
Kmt2c	2
Kmt2d	2
Kmt2e	2
Knop1	2
Kpna1	1
Kpna2	5
Kpna3	1
Kpna4	1
Kpna6	6
Kpnb1	1
Kptn	0
Kras	1
Krba1	2
Krcc1	9
Kremen1	4
Kri1	2
Krit1	1
Krr1	2
Krt10	6
Krtcap2	9
Kti12	0
Ktn1	2
Kxd1	9
L2hgdh	1
L3hypdh	0
L3mbtl2	4
L3mbtl3	0
LOC100504703	2
Lacc1	1
Lace1	2
Lactb	0
Lactb2	1
Lag3	3
Lage3	7
Lair1	1
Lamb2	4
Lamc1	0
Lamp1	5
Lamp2	1
Lamtor1	5
Lamtor2	7
Lamtor3	1
Lamtor4	7
Lamtor5	7
Lancl1	0
Lap3	9
Laptm4a	9
Laptm4b	6
Laptm5	5
Large	0
Larp1	3
Larp4	1
Larp4b	1
Larp7	3
Lars	0
Lars2	9
Las1l	3
Lasp1	4
Lat2	9
Lats1	1
Lats2	4
Layn	2
Lbh	9
Lbr	1
Lbx2	3
Lca5l	2
Lclat1	1
Lcmt1	0
Lcmt2	5
Lcor	2
Lcorl	1
Lcp1	5
Lcp2	4
Ldah	0
Ldb1	3
Ldha	6
Ldhb	5
Ldlrad4	0
Ldlrap1	5
Ldoc1l	0
Lefty1	9
Lekr1	0
Lemd2	3
Lemd3	1
Lenep	2
Leng1	3
Leng8	2
Leng9	0
Leo1	2
Leprot	6
Leprotl1	6
Letm1	3
Letm2	2
Letmd1	6
Lfng	5
Lgals1	5
Lgals3	5
Lgals3bp	5
Lgals8	0
Lgals9	5
Lgalsl	1
Lgi4	3
Lgmn	6
Lgr4	8
Lhfpl2	6
Lhfpl4	0
Lhpp	0
Lias	0
Lifr	2
Lig1	1
Lig3	0
Lig4	1
Lilr4b	1
Lilra5	1
Lilrb4a	9
Lima1	4
Limd1	0
Limd2	3
Limk1	2
Limk2	3
Lims1	1
Lin37	3
Lin52	1
Lin54	1
Lin7c	1
Lin9	1
Lncpint	1
Lins1	0
Lipa	1
Lipe	3
Liph	6
Lipo1	1
Lipt1	1
Lipt2	0
Litaf	6
Lix1	1
Llgl1	4
Llph	2
Lman1	6
Lman2	5
Lman2l	0
Lmbr1	0
Lmbr1l	3
Lmbrd1	6
Lmbrd2	0
Lmf1	0
Lmf2	4
Lmln	2
Lmna	5
Lmnb1	0
Lmnb2	4
Lmo2	9
Lmo4	2
Lnpk	1
Lnpep	1
Lnx1	0
Lnx2	6
Borcs5	0
Lonp1	2
Lonp2	4
Lonrf1	2
Lonrf3	1
Loxl3	2
Lpar5	6
Lpar6	2
Lpcat1	6
Lpcat2	1
Lpcat3	6
Lpcat4	5
Lpgat1	8
Lpin1	4
Lpin2	2
Lpl	9
Lpp	8
Lppos	0
Plppr4	3
Lpxn	6
Lrba	1
Lrch1	0
Lrch3	6
Lrfn1	4
Lrfn3	5
Lrif1	1
Lrig2	1
Lrig3	0
Lrmp	3
Lrp1	2
Lrp10	5
Lrp12	1
Lrp4	0
Lrp5	2
Lrp6	8
Lrpap1	3
Lrpprc	6
Lrrc1	6
Lrrc14	4
Carmil1	0
Lrrc20	4
Lrrc25	4
Lrrc27	5
Lrrc28	0
Lrrc3	5
Lrrc39	1
Lrrc4	0
Lrrc40	1
Lrrc41	6
Lrrc42	3
Lrrc45	2
Lrrc47	5
Lrrc51	0
Lrrc56	4
Lrrc57	1
Lrrc58	1
Lrrc59	4
Lrrc61	4
Lrrc75a	2
Lrrc8a	2
Lrrc8b	0
Lrrc8c	0
Lrrc8d	4
Lrrcc1	8
Lrrfip1	4
Lrrfip2	0
Lrrk1	4
Lrsam1	3
Lrwd1	4
Lsg1	3
Lsm1	1
Lsm10	3
Lsm11	0
Lsm12	2
Lsm14a	10
Lsm14b	2
Lsm2	2
Lsm3	7
Lsm4	3
Lsm5	7
Lsm6	1
Lsm7	7
Lsm8	7
Lsp1	5
Lsr	1
Lss	0
Lst1	7
Lta4h	0
Ltb	5
Ltbr	3
Ltc4s	3
Ltn1	1
Ltv1	3
Luc7l	10
Luc7l2	2
Luc7l3	8
Luzp1	2
Lxn	0
Ly6a	9
Ly6e	5
Ly6g6e	2
Ly86	1
Ly9	5
Ly96	7
Lyar	2
Lyl1	2
Lyn	4
Lypd6	1
Lypla1	1
Lypla2	5
Lyplal1	0
Lyrm1	2
Lyrm2	2
Lyrm4	7
Lyrm5	1
Lyrm7	0
Lyrm9	0
Lysmd1	2
Lysmd3	1
Lysmd4	0
Lyst	8
Lyz2	3
Lyzl4	2
Lzic	8
Lztfl1	0
Lztr1	3
Lzts2	3
Lzts3	0
M1ap	2
M6pr	1
Macf1	2
Macrod1	3
Mad1l1	3
Mad2l1	0
Mad2l1bp	9
Mad2l2	3
Madd	0
Maea	3
Maf	8
Maf1	3
Mafb	3
Mafg	2
Mafk	3
Mag	3
Maged1	4
Maged2	4
Magee1	0
Magef1	2
Mageh1	6
Magi1	3
Magi3	2
Magoh	7
Magohb	1
Magt1	1
Mak16	0
Malsu1	0
Malt1	0
Maml1	2
Maml2	1
Maml3	2
Mamld1	4
Man1a	6
Man1a2	1
Man1b1	5
Man1c1	4
Man2a1	8
Man2a2	4
Man2b1	5
Man2b2	4
Man2c1	4
Man2c1os	1
Manba	6
Manbal	3
Manea	1
Manf	7
Map10	1
Map1lc3a	3
Map1lc3b	3
Map1s	4
Map2k1	6
Map2k2	3
Map2k3	3
Map2k4	1
Map2k5	2
Map2k6	0
Map2k7	2
Map3k1	1
Map3k10	2
Map3k11	4
Map3k12	2
Map3k14	2
Map3k2	1
Map3k3	3
Map3k4	4
Map3k5	0
Map3k7	2
Map3k8	2
Map3k9	8
Map4	2
Map4k2	2
Map4k3	1
Map4k4	2
Map4k5	1
Map7	2
Map7d1	3
Mapk1	1
Mapk12	7
Mapk14	2
Mapk1ip1	3
Mapk1ip1l	6
Mapk3	5
Mapk6	2
Mapk7	3
Mapk8	2
Mapk8ip3	2
Mapk9	6
Mapkap1	0
Mapkapk2	5
Mapkapk3	5
Mapkapk5	2
Mapkbp1	2
Mapre1	6
Mapre2	5
Mapre3	3
Marc2	9
March1	1
March2	0
March3	3
March5	10
March6	1
March7	1
March8	6
Marcks	9
Marcksl1	5
Marf1	2
Mark2	3
Mark3	10
Mark4	3
Mars	4
Mars2	1
Marveld1	0
Marveld2	2
Masp1	6
Mast1	2
Mast2	2
Mast3	4
Mast4	2
Mat2a	5
Mat2b	1
Matk	3
Matr3	1
Mau2	2
Mavs	0
Max	2
Maz	3
Mb21d1	2
Mb21d2	5
Mbd1	4
Mbd2	3
Mbd3	3
Mbd4	0
Mbd5	8
Mbd6	2
Mbip	0
Mblac1	4
Mblac2	0
Mbnl1	1
Mbnl2	1
Mboat1	2
Mboat7	5
Mbp	6
Mbtd1	8
Mbtps1	4
Mbtps2	1
Mcat	5
Mccc1	0
Mccc1os	1
Mccc2	4
Mcee	7
Mcfd2	1
Mcl1	1
Mcm2	1
Mcm3	6
Mcm3ap	2
Mcm4	1
Mcm5	9
Mcm6	1
Mcm7	0
Mcm9	8
Mcmbp	0
Mcoln1	3
Mcph1	2
Mcrs1	3
Mctp1	1
Mcts1	7
Mcts2	2
Mcu	0
Mcur1	1
Mdc1	2
Mdfic	1
Mdga1	3
Mdh1	5
Mdh2	5
Mdm1	3
Mdm2	0
Mdm4	2
Mdn1	2
Mdp1	2
Me2	6
Mea1	3
Meaf6	3
Mecp2	2
Mecr	3
Med1	8
Med10	0
Med11	2
Med12	2
Med12l	2
Med13	8
Med13l	8
Med14	1
Med15	4
Med16	4
Med17	6
Med18	1
Med19	6
Med20	0
Med21	8
Med22	6
Med23	0
Med24	4
Med25	3
Med26	4
Med27	2
Med28	1
Med29	3
Med30	1
Med31	7
Med4	2
Med6	7
Med7	1
Med8	2
Med9	3
Mef2a	1
Mef2c	1
Mef2d	4
Megf11	0
Megf8	2
Megf9	1
Meis1	0
Meis3	0
Memo1	1
Men1	3
Mepce	2
Mertk	4
Mesdc1	2
Mesdc2	3
Metap1	1
Metap1d	2
Metap2	5
Metrn	0
Metrnl	0
Mettl1	0
Mettl10	0
Mettl13	0
Mettl14	0
Mettl15	1
Mettl16	0
Mettl17	2
Mettl18	6
Mettl2	2
Etfbkmt	0
Mettl21a	6
Mettl22	2
Mettl23	1
Mettl25	2
Mettl3	3
Mettl4	1
Mettl5	2
Mettl6	10
Mettl7a1	3
Mettl8	0
Mettl9	1
Mex3a	0
Mex3b	2
Mex3c	1
Mex3d	4
Mfap1a	2
Mfap1b	2
Mfap3	1
Mfap3l	1
Mff	1
Mfge8	5
Mfhas1	4
Mfn1	0
Mfn2	4
Mfng	5
Mfsd1	6
Mfsd10	5
Mfsd11	9
Mfsd12	4
Mfsd3	0
Mfsd4a	1
Mfsd5	5
Mfsd7b	1
Mfsd8	1
Mfsd9	0
Mga	2
Mgat1	5
Mgat2	1
Mgat4a	1
Mgat4b	4
Mgat5	8
Mgea5	8
Mgll	3
Mgme1	10
Mgmt	0
Mgrn1	4
Mgst3	3
Mia3	3
Mib1	1
Mib2	2
Mical1	5
Mical3	2
Micall1	2
Micu1	5
Micu2	0
Micu3	2
Mid1	2
Mid1ip1	4
Midn	2
Mief1	1
Mief2	0
Mien1	7
Mier1	8
Mier2	2
Mier3	1
Mif	5
Mif4gd	0
Miip	2
Milr1	1
Mina	0
Mink1	2
Minos1	7
Minpp1	6
Mios	0
Mipep	0
Mipol1	2
Mir22hg	3
Mir6236	0
Mir703	9
Mir8112	9
Mir99ahg	8
Mis12	1
Mis18a	0
Mitd1	1
Mitf	8
Mkks	7
Mkl1	4
Mkl2	0
Mkln1	1
Mknk1	4
Mknk2	3
Mkrn1	5
Mkrn2	6
Mks1	2
Mlec	1
Mlf2	3
Mlh1	2
Mlh3	8
Mllt1	3
Mllt10	8
Mllt11	2
Mllt3	0
Afdn	6
Mllt6	2
Mlph	5
Mlst8	0
Mlx	1
Mlxip	2
Mlxipl	3
Mlycd	3
Mmaa	2
Mmab	2
Mmachc	6
Mmadhc	1
Mmd	1
Mmgt1	1
Mmgt2	7
Mmp11	2
Mmp14	5
Mmp15	4
Mmp2	0
Mmp28	2
Mms19	4
Mms22l	1
Mnat1	1
Mnt	3
Mob1a	1
Mob1b	1
Mob2	3
Mob3a	5
Mob3c	2
Mob4	1
Mocs1	4
Mocs2	2
Mocs3	3
Mogs	4
Mon1a	3
Mon1b	4
Mon2	2
Morc2a	0
Morc3	1
Morf4l1	6
Morf4l2	0
Morn2	2
Mospd1	1
Mospd2	1
Mospd3	3
Mov10	4
Mpc1	1
Mpc2	7
Mpdu1	0
Mpeg1	0
Mpg	0
Mphosph10	0
Mphosph6	1
Mphosph8	7
Mphosph9	2
Mpi	3
Mplkip	1
Mpnd	3
Mpp1	3
Mpp5	1
Mpp6	1
Mpp7	2
Mppe1	0
Mprip	2
Mpv17	7
Mpv17l	1
Mpv17l2	7
Mr1	5
Mras	3
Mrc2	5
Mre11a	0
Mrfap1	1
Mrgbp	2
Mrgpre	6
Mri1	5
Mrm1	0
Mroh1	4
Mrpl1	1
Mrpl10	5
Mrpl11	2
Mrpl12	3
Mrpl13	7
Mrpl14	7
Mrpl15	7
Mrpl16	9
Mrpl17	7
Mrpl18	7
Mrpl19	1
Mrpl2	3
Mrpl20	7
Mrpl21	7
Mrpl22	7
Mrpl24	7
Mrpl27	3
Mrpl28	3
Mrpl3	1
Mrpl30	1
Mrpl32	7
Mrpl33	7
Mrpl34	2
Mrpl35	1
Mrpl36	7
Mrpl37	0
Mrpl38	3
Mrpl39	0
Mrpl4	3
Mrpl40	3
Mrpl41	7
Mrpl42	7
Mrpl43	2
Mrpl44	0
Mrpl45	3
Mrpl46	0
Mrpl47	7
Mrpl48	5
Mrpl49	2
Mrpl50	1
Mrpl51	7
Mrpl52	7
Mrpl53	2
Mrpl54	7
Mrpl55	3
Mrpl57	7
Mrpl9	0
Mrps10	0
Mrps11	5
Mrps12	3
Mrps14	1
Mrps15	3
Mrps16	7
Mrps17	7
Mrps18a	3
Mrps18b	6
Mrps18c	7
Mrps2	0
Mrps21	7
Mrps22	1
Mrps23	0
Mrps24	3
Mrps25	7
Mrps26	3
Mrps27	4
Mrps28	7
Mrps30	5
Mrps31	0
Mrps33	7
Mrps34	3
Mrps35	7
Mrps36	7
Mrps5	0
Mrps6	7
Mrps7	3
Mrps9	0
Mrrf	0
Mrs2	6
Mrto4	3
Ms4a4c	1
Ms4a6b	1
Ms4a6c	0
Ms4a6d	1
Ms4a7	1
Msantd2	2
Msantd4	1
Msh2	3
Msh3	0
Msh6	0
Msi2	2
Msl1	2
Msl2	1
Msl3	0
Msl3l2	2
Msmo1	1
Msn	6
Msr1	5
Msra	5
Msrb1	0
Msrb2	0
Msto1	3
Mt1	9
Mta1	4
Mta2	4
Mta3	3
Mtap	9
Mtbp	0
Mtch1	3
Mtch2	1
Mtcp1	0
Mtdh	0
Mterf1a	8
Mterf3	10
Mterf4	8
Mtf1	8
Mtf2	1
Mtfmt	0
Mtfp1	3
Mtfr1	1
Mtfr1l	0
Mtg1	0
Mtg2	3
Mthfd1	0
Mthfd1l	0
Mthfd2	9
Mthfd2l	0
Mthfr	2
Mthfs	7
Mthfsd	2
Mthfsl	7
Mtif2	8
Mtif3	3
Mtm1	1
Mtmr1	1
Mtmr10	6
Mtmr11	0
Mtmr12	1
Mtmr14	3
Mtmr2	0
Mtmr3	6
Mtmr4	0
Mtmr6	1
Mtmr9	1
Mto1	2
Mtor	8
Mtpap	8
Mtpn	1
Mtr	0
Mtrf1	0
Mtrf1l	2
Mtrr	6
Mtss1	2
Mttp	0
Mturn	0
Mtus1	4
Mtx1	3
Mtx2	1
Mtx3	2
Mul1	5
Mum1	5
Mus81	3
Mut	6
Mutyh	3
Mvb12a	5
Mvb12b	2
Mvd	3
Mvk	0
Mvp	4
Mx1	2
Mxd1	6
Mxd4	2
Mxi1	0
Mxra7	3
Myadm	6
Myadml2	0
Mybbp1a	4
Mybph	4
Myc	4
Mycbp	1
Mycbp2	2
Mycl	2
Myd88	3
Mydgf	0
Myef2	8
Myeov2	7
Myg1	3
Myh10	4
Myh9	2
Myl12a	0
Myl12b	3
Myl2	7
Myl6	7
Mylip	8
Mynn	1
Myo10	5
Myo18a	4
Myo18b	2
Myo1b	6
Myo1c	4
Myo1d	2
Myo1e	0
Myo1f	4
Myo1g	3
Myo5a	2
Myo6	0
Myo7a	4
Myo9a	2
Myo9b	4
Myom1	2
Mysm1	2
Mzf1	0
Mzt1	1
Mzt2	3
N4bp1	2
N4bp2	2
N4bp2l1	0
N4bp2l2	8
N4bp3	5
N6amt1	2
Eef1akmt1	1
Naa10	3
Naa15	8
Naa16	2
Naa20	1
Naa25	0
Naa30	1
Naa35	1
Naa38	7
Naa40	6
Naa50	1
Naa60	3
Naaa	6
Naalad2	5
Nab1	1
Nab2	4
Nabp1	1
Nabp2	3
Naca	7
Nacc1	4
Nacc2	3
Nadk	6
Nadk2	1
Nadsyn1	2
Nae1	0
Naf1	2
Naga	5
Nagk	5
Naglu	5
Nagpa	3
Naif1	2
Naip2	6
Naip5	8
Naip6	10
Nampt	1
Nanos1	1
Nans	5
Nap1l1	1
Nap1l4	4
Napa	3
Napb	8
Napepld	0
Napg	0
Naprt	0
Narf	10
Narfl	3
Nars	4
Nars2	1
Nasp	3
Nat1	6
Nat10	4
Nat2	1
Nat6	3
Nat8l	2
Nat9	2
Natd1	6
Nav1	2
Nav2	8
Nav3	8
Nbas	1
Nbea	8
Nbeal1	8
Nbeal2	2
Nbl1	5
Nbn	2
Nbr1	4
Ncapd2	3
Ncapd3	0
Ncapg2	0
Ncaph	2
Ncaph2	3
Ncbp1	0
Ncbp2	2
Ncdn	5
Nceh1	6
Ncf1	3
Ncf2	4
Ncf4	5
Nck1	1
Nckap1	0
Nckap1l	4
Nckap5l	4
Nckipsd	3
Ncl	4
Ncln	5
Ncoa1	0
Ncoa2	2
Ncoa3	2
Ncoa4	0
Ncoa5	2
Ncoa6	3
Ncoa7	9
Ncor1	2
Ncor2	2
Ncs1	0
Ncstn	6
Ndc1	6
Nde1	3
Ndel1	10
Ndfip1	6
Ndfip2	1
Ndnl2	7
Ndor1	0
Ndrg2	5
Ndrg3	5
Ndst1	4
Ndst2	0
Ndufa1	9
Ndufa10	3
Ndufa11	7
Ndufa12	1
Ndufa13	7
Ndufa2	7
Ndufa3	7
Ndufa4	7
Ndufa5	7
Ndufa6	7
Ndufa7	7
Ndufa8	7
Ndufa9	9
Ndufab1	0
Ndufaf1	5
Ndufaf2	3
Ndufaf3	2
Ndufaf4	2
Ndufaf5	0
Ndufaf6	8
Ndufaf7	0
Ndufb10	7
Ndufb11	7
Ndufb2	7
Ndufb3	7
Ndufb4	7
Ndufb5	7
Ndufb6	7
Ndufb7	7
Ndufb8	7
Ndufb9	7
Ndufc1	7
Ndufc2	7
Ndufs1	0
Ndufs2	5
Ndufs3	7
Ndufs4	7
Ndufs6	7
Ndufs7	3
Ndufs8	3
Ndufv1	5
Ndufv2	1
Ndufv3	7
Neat1	2
Necap1	1
Necap2	5
Nedd1	1
Nedd4l	3
Nedd8	7
Neil1	3
Nek1	8
Nek3	0
Nek4	2
Nek6	4
Nek7	1
Nek9	1
Nelfa	3
Nelfb	2
Nelfcd	3
Nelfe	3
Nemf	8
Nenf	9
Neo1	4
Nes	0
Neu1	5
Neu3	9
Neurl1a	4
Neurl2	0
Neurl3	9
Neurl4	2
Nf1	8
Nf2	2
Nfam1	4
Nfat5	2
Nfatc1	4
Nfatc2	0
Nfatc2ip	2
Nfatc3	1
Nfe2l1	4
Nfe2l2	5
Nfia	2
Nfic	3
Nfil3	0
Nfix	3
Nfkb1	0
Nfkb2	4
Nfkbia	3
Nfkbib	3
Nfkbid	2
Nfkbie	6
Nfkbil1	3
Nfkbiz	0
Nfrkb	2
Nfs1	0
Nfu1	7
Nfx1	8
Nfxl1	8
Nfya	2
Nfyb	1
Nfyc	4
Ngdn	0
Bex3	5
Ngly1	1
Ngrn	2
Nhej1	0
Nhlrc1	0
Nhlrc2	1
Nhlrc3	5
Nhp2	7
Nhp2l1	1
Nhsl2	2
Nicn1	3
Nid2	0
Nif3l1	5
Nifk	1
Nin	2
Ninj1	3
Ninl	4
Nip7	1
Nipa1	1
Nipa2	6
Nipal3	3
Nipbl	2
Nipsnap1	4
Nipsnap3b	1
Nisch	4
Nit1	2
Nit2	7
Nkap	6
Nkapl	1
Nkiras1	0
Nkiras2	0
Nkrf	0
Nktr	2
Nle1	2
Nlk	0
Nln	6
Nlrp1a	0
Nlrp1b	2
Nlrp1c-ps	2
Nlrp3	2
Nlrx1	5
Nmb	0
Nmd3	1
Nme1	7
Nme2	9
Nme3	2
Nme4	3
Nme6	0
Nme7	0
Nmi	7
Nmnat1	2
Nmnat3	0
Nmral1	0
Nmrk1	1
Nmt1	5
Nmt2	2
Nnt	3
Noa1	0
Nob1	3
Noc2l	3
Noc3l	0
Noc4l	3
Nod1	4
Nol10	0
Nol11	1
Nol12	2
Nol4l	2
Nol6	4
Nol7	7
Nol8	2
Nol9	6
Nolc1	3
Nom1	0
Nomo1	4
Nono	4
Nop10	7
Nop14	2
Nop16	3
Nop2	4
Nop56	3
Nop58	2
Nop9	5
Nos1ap	2
Nosip	3
Notch1	2
Notch2	1
Notch4	3
Nova1	2
Noxo1	2
Npat	6
Npc1	9
Npc2	5
Npepl1	3
Npepps	0
Nphp1	3
Nphp3	2
Npl	1
Nploc4	6
Npm1	9
Npnt	1
Nprl2	3
Nprl3	4
Nptn	1
Nqo2	0
Nr1d1	4
Nr1d2	0
Nr1h2	3
Nr2c1	0
Nr2c2	2
Nr2c2ap	3
Nr2f6	4
Nr3c1	1
Nr3c2	1
Nradd	5
Nrarp	0
Nras	1
Nrbf2	0
Nrbp1	3
Nrd1	2
Nrde2	4
Nrep	8
Nrf1	4
Nrip1	6
Nrm	6
Nron	8
Nrp	1
Nrp1	1
Nrp2	0
Nrros	4
Nsa2	0
Nsd1	2
Nsdhl	6
Nsf	4
Nsfl1c	3
Nsl1	9
Nsmaf	0
Nsmce1	1
Nsmce2	1
Nsmce4a	1
Nsmf	2
Nsun2	6
Nsun3	1
Nsun4	0
Nsun5	3
Nsun6	0
Nt5c	3
Nt5c2	0
Nt5c3	1
Nt5c3b	5
Nt5dc1	1
Nt5dc2	3
Nt5dc3	0
Nt5m	2
Ntan1	9
Nthl1	3
Ntmt1	3
Ntpcr	2
Nuak1	2
Nuak2	3
Nub1	3
Nubp1	0
Nubp2	3
Nubpl	7
Nucb1	4
Nucb2	4
Nucks1	1
Nudc	3
Nudcd1	0
Nudcd2	1
Nudcd3	6
Nudt1	0
Nudt12	1
Nudt13	3
Nudt14	5
Nudt16	9
Nudt16l1	5
Nudt18	3
Nudt19	6
Nudt2	9
Nudt21	1
Nudt22	5
Nudt3	0
Nudt4	8
Nudt5	0
Nudt6	0
Nudt7	1
Nudt8	0
Nudt9	3
Nufip1	2
Nufip2	8
Numa1	4
Numb	0
Numbl	3
Nup107	6
Nup133	4
Nup153	1
Nup155	6
Nup160	0
Nup188	4
Nup205	1
Nup210	0
Nup214	0
Nup35	1
Nup37	8
Nup43	1
Nup50	1
Nup54	1
Nup62	4
Nup85	4
Nup88	2
Nup93	6
Nup98	6
Nupl1	6
Nupl2	0
Nupr1	2
Nus1	1
Nutf2	1
Nvl	8
Nxf1	2
Nxpe3	5
Nxt1	7
Nxt2	1
Nynrin	0
Oaf	9
Oard1	0
Oas1a	9
Oas1c	0
Oasl1	0
Oasl2	9
Oat	5
Oaz2	0
Obfc1	3
Ocel1	2
Ociad1	6
Ocln	6
Ocrl	1
Odc1	6
Odf2	4
Odf2l	2
Ofd1	2
Ogdh	6
Ogfod1	0
Ogfod2	2
Ogfod3	5
Ogfr	3
Ogfrl1	3
Ogg1	0
Ogt	10
Ola1	7
Olfm4	9
Olfml2b	0
Olfml3	9
Olr1	9
Oma1	3
Opa1	0
Opa3	3
Ophn1	2
Oplah	2
Opn3	0
Optn	3
Orai1	5
Orai2	3
Orai3	5
Oraov1	2
Orc2	1
Orc3	2
Orc4	1
Orc5	0
Orc6	1
Ormdl1	1
Ormdl2	1
Ormdl3	3
Os9	4
Osbp	6
Osbpl11	1
Osbpl1a	0
Osbpl2	3
Osbpl3	0
Osbpl7	3
Osbpl8	1
Osbpl9	6
Oscp1	3
Oser1	1
Osgep	7
Osgepl1	0
Osgin1	3
Osgin2	1
Osm	3
Ost4	7
Ostc	1
Ostf1	3
Ostm1	1
Otub1	3
Otub2	0
Otud1	1
Otud3	2
Otud4	1
Otud5	2
Otud6b	1
Otud7b	8
Otulin	3
Ovca2	1
Oxa1l	3
Oxct1	6
Oxld1	2
Oxnad1	0
Oxr1	1
Oxsm	0
Oxsr1	2
P2rx1	0
P2rx4	5
P2rx7	5
P2ry12	1
P2ry13	1
P2ry6	5
P3h1	3
P3h2	0
P3h3	4
P3h4	4
P4ha1	0
P4hb	5
Pa2g4	3
Pabpc1	9
Pabpc4	3
Pabpn1	2
Pacrgl	1
Pacs1	4
Pacs2	4
Pacsin1	2
Pacsin2	4
Padi2	5
Paf1	3
Pafah1b1	8
Pafah1b2	1
Pafah1b3	5
Pafah2	0
Pag1	8
Pagr1a	3
Paics	6
Paip1	2
Paip2	7
Paip2b	0
Pak1	0
Pak1ip1	0
Pak2	1
Pak4	2
Palb2	1
Pald1	4
Palld	0
Palm	0
Pan2	0
Pan3	2
Pank1	3
Pank2	6
Pank3	1
Pank4	2
Panx1	6
Paox	5
Papd4	1
Papd5	0
Papd7	0
Papola	1
Papolg	1
Papss1	5
Paqr4	3
Paqr7	4
Paqr8	1
Pard3b	8
Pard6a	0
Parg	0
Park2	6
Park7	5
Parl	0
Parn	6
Parp1	4
Parp10	4
Parp11	1
Parp12	6
Parp14	0
Parp16	2
Parp2	2
Parp3	4
Parp4	8
Parp6	2
Parp8	2
Parp9	6
Pars2	5
Particl	2
Parvb	2
Parvg	4
Patl1	8
Patz1	4
Paxbp1	2
Paxip1	4
Pbdc1	1
Pbrm1	8
Pbx1	2
Pbx2	2
Pbx3	0
Pbxip1	3
Pcbd2	7
Pcbp1	3
Pcbp2	2
Pcbp3	5
Pcca	0
Pccb	1
Pcdhb22	6
Pcdhga11	2
Pcdhga12	1
Pcdhga2	5
Pcdhga4	6
Pcdhga5	1
Pcdhga7	2
Pcdhga8	1
Pcdhgb2	6
Pcdhgb4	1
Pcdhgb5	0
Pcdhgb6	0
Pced1a	3
Pced1b	5
Pcf11	2
Pcgf1	2
Pcgf3	1
Pcgf5	0
Pcgf6	8
Pcid2	0
Pcif1	4
Pck2	3
Pcm1	2
Pcmt1	6
Pcmtd1	8
Pcmtd2	0
Pcna	1
Pcnp	8
Pcnt	2
Pcnx	8
Pcnx3	0
Pcnx4	1
Pcp4	9
Pcsk7	0
Pctp	6
Pcx	4
Pcyox1	5
Pcyox1l	3
Pcyt1a	6
Pcyt2	2
Pdap1	2
Pdcd1	6
Pdcd10	1
Pdcd11	2
Pdcd2	1
Pdcd2l	0
Pdcd4	2
Pdcd5	7
Pdcd6	7
Pdcd6ip	4
Pdcd7	0
Pdcl	1
Pdcl3	1
Pddc1	5
Pde12	1
Pde2a	5
Pde3b	1
Pde4a	2
Pde4b	0
Pde4d	0
Pde4dip	8
Pde6d	0
Pde7a	3
Pde8a	0
Pde8b	1
Pdf	1
Pdgfa	5
Pdgfb	2
Pdha1	4
Pdhb	7
Pdhx	0
Pdia3	0
Pdia4	6
Pdia5	0
Pdia6	0
Pdik1l	1
Pdk1	6
Pdk2	4
Pdk3	6
Pdlim2	0
Pdlim4	3
Pdlim5	1
Pdp1	1
Pdp2	9
Pdpk1	1
Pdpr	1
Pdrg1	2
Pds5a	8
Pds5b	0
Pdss1	0
Pdss2	0
Pdxdc1	2
Pdxk	4
Pdxp	0
Pdzd11	0
Pdzd8	1
Pdzk1	1
Pdzrn4	5
Pea15a	9
Peak1	2
Pear1	4
Pebp1	5
Pecam1	4
Pecr	5
Pef1	5
Peg10	2
Peg13	1
Peli1	6
Peli2	0
Peli3	3
Pelo	0
Pelp1	5
Peo1	2
Pepd	5
Per1	3
Per2	0
Per3	2
Perp	0
Pes1	5
Pet100	7
Pex1	0
Pex10	2
Pex11a	0
Pex11b	1
Pex11g	2
Pex12	0
Pex13	6
Pex14	3
Pex16	0
Pex19	3
Pex2	1
Pex26	0
Pex3	1
Pex5	4
Pex6	3
Pex7	1
Pfas	2
Pfdn1	7
Pfdn2	7
Pfdn4	1
Pfdn5	9
Pfdn6	3
Pfkfb2	2
Pfkfb3	6
Pfkfb4	5
Pfkl	5
Pfkm	4
Pfkp	5
Pfn1	5
Pfn2	0
Pgam1	0
Pgam2	0
Pgam5	1
Pgap1	1
Pgap2	1
Pgap3	6
Pgd	5
Pggt1b	8
Pgk1	6
Pgls	3
Pgm1	0
Pgm2	5
Pgm2l1	1
Pgm3	1
Pgp	3
Pgpep1	5
Pgrmc1	1
Pgrmc2	0
Pgs1	2
Phactr1	0
Phactr2	2
Phactr4	2
Phax	9
Phb	3
Phb2	3
Phc1	2
Phc2	3
Phc3	8
Phf1	3
Phf10	0
Phf11b	9
Phf11d	9
Phf12	2
Phf13	0
Phf14	8
Phf2	4
Phf20	3
Phf20l1	2
Phf21a	2
Phf23	3
Phf3	2
Phf5a	3
Phf6	1
Phf7	2
Phf8	1
Phgdh	4
Phip	8
Phka1	0
Phka2	1
Phkb	8
Phkg1	5
Phkg2	3
Phldb1	2
Phlpp1	0
Phlpp2	2
Phospho2	1
Phpt1	7
Phrf1	4
Phtf1	0
Phtf1os	1
Phtf2	1
Phxr4	2
Phyh	0
Phyhd1	0
Phykpl	0
Pi4k2a	4
Pi4k2b	9
Pi4ka	0
Pi4kb	2
Pias1	0
Pias2	1
Pias3	4
Pias4	3
Pibf1	2
Picalm	2
Pick1	2
Pid1	0
Pidd1	2
Piezo1	0
Piga	1
Pigb	1
Pigc	1
Pigf	1
Pigg	1
Pigh	1
Pigk	6
Pigl	8
Pigm	1
Pign	1
Pigo	0
Pigp	1
Pigq	0
Pigs	5
Pigt	0
Pigu	6
Pigv	3
Pigw	1
Pigx	7
Pigyl	3
Pigz	1
Pih1d1	3
Pik3ap1	4
Pik3c2a	1
Pik3c2b	0
Pik3c3	4
Pik3ca	10
Pik3cb	6
Pik3cd	4
Pik3cg	6
Pik3ip1	5
Pik3r1	8
Pik3r2	4
Pik3r3	0
Pik3r4	4
Pik3r5	4
Pik3r6	4
Pikfyve	8
Pilra	7
Pim2	5
Pim3	3
Pin1	3
Pink1	4
Pinx1	3
Pip4k2a	4
Pip4k2b	2
Pip4k2c	4
Pip5k1a	0
Pip5k1c	4
Pira6	4
Pirb	0
Pisd	4
Pisd-ps1	2
Pisd-ps3	2
Pithd1	3
Pitpna	3
Pitpnb	1
Pitpnc1	2
Pitpnm1	4
Pitrm1	4
Pja1	4
Pja2	1
Pkd1	2
Pkd2	0
Pkd2l2	2
Pkdcc	2
Pkib	1
Pkig	3
Pkm	5
Pkn1	4
Pkn2	1
Pkn3	2
Pknox1	2
Pkp4	2
Pla2g12a	0
Pla2g15	6
Pla2g16	6
Pla2g4a	0
Pla2g6	4
Pla2g7	0
Plaa	1
Plagl2	8
Plau	0
Plaur	5
Plbd2	5
Plcb2	2
Plcb3	4
Plcd1	2
Plcg1	4
Plcg2	4
Plcl1	1
Plcl2	0
Plcxd2	0
Pld1	4
Pld2	4
Pld3	5
Pld4	3
Plek	1
Plekha1	10
Plekha2	1
Plekha3	1
Plekha5	2
Plekha8	1
Plekhb2	6
Plekhf2	1
Plekhg2	3
Plekhg5	2
Plekhg6	0
Plekhh2	0
Plekhh3	3
Plekhj1	3
Plekhm1	0
Plekhm2	2
Plekhm3	8
Plekho1	3
Plekho2	4
Plgrkt	1
Plin2	3
Plin3	3
Plk3	3
Plk4	0
Pln	1
Plod1	4
Plod3	4
Plrg1	5
Pls3	6
Plscr1	10
Plscr3	5
Pltp	5
Plvap	4
Plxdc1	4
Plxdc2	0
Plxna1	0
Plxna3	0
Plxna4	8
Plxna4os1	2
Plxnb2	4
Plxnb3	3
Plxnc1	0
Pmaip1	10
Pmepa1	5
Pmf1	3
Pml	4
Pmm1	3
Pmm2	3
Pmp22	1
Pmpca	6
Pmpcb	0
Pms1	0
Pms2	0
Pmvk	0
Pnisr	2
Pnkd	2
Pnkp	3
Pnn	2
Pno1	1
Pnp	7
Pnp2	7
Pnpla2	3
Pnpla6	3
Pnpla7	4
Pnpla8	1
Pnpo	0
Pnpt1	1
Pnrc1	6
Pnrc2	8
Poc1a	0
Poc1b	4
Poc5	0
Podxl2	4
Pofut1	0
Pofut2	3
Pogk	0
Poglut1	6
Pogz	0
Pola1	1
Pola2	6
Polb	2
Pold1	4
Pold2	3
Pold3	3
Pold4	2
Poldip2	5
Poldip3	6
Pole2	1
Pole3	0
Pole4	1
Polg	4
Polg2	2
Polh	4
Poli	2
Polk	0
Poll	3
Polm	3
Polr1a	0
Polr1b	6
Polr1c	7
Polr1d	7
Polr1e	3
Polr2a	0
Polr2b	6
Polr2c	7
Polr2d	1
Polr2e	3
Polr2f	3
Polr2g	7
Polr2h	7
Polr2i	3
Polr2j	2
Polr2k	7
Polr2l	0
Polr2m	2
Polr3a	4
Polr3b	0
Polr3c	4
Polr3d	0
Polr3e	2
Polr3f	1
Polr3g	0
Polr3gl	2
Polr3h	3
Polr3k	1
Polrmt	4
Pom121	4
Pomgnt1	3
Pomgnt2	5
Pomk	0
Pomp	9
Pomt1	5
Pomt2	6
Pon2	6
Pon3	1
Pop1	0
Pop4	2
Pop5	7
Pop7	0
Por	5
Porcn	0
Postn	3
Pot1a	1
Pot1b	8
Pou2f1	2
Pou2f2	2
Pou6f1	2
Ppa1	6
Ppa2	1
Ppan	3
Plpp1	1
Plpp3	5
Plpp2	5
Plpp5	1
Plpp6	1
Plpp7	3
Ppard	2
Ppat	1
Ppcdc	2
Ppcs	3
Ppdpf	3
Ppfia1	2
Ppfia4	3
Ppfibp1	1
Ppfibp2	0
Pphln1	1
Ppia	1
Ppib	2
Ppid	10
Ppie	5
Ppif	5
Ppig	2
Ppih	0
Ppil1	3
Ppil2	3
Ppil3	7
Ppil4	1
Ppip5k1	2
Ppip5k2	0
Ppm1a	10
Ppm1b	0
Ppm1d	0
Ppm1e	1
Ppm1f	6
Ppm1g	3
Ppm1h	2
Ppm1k	1
Ppm1l	4
Ppm1m	2
Ppme1	1
Ppox	2
Ppp1ca	5
Ppp1cb	1
Ppp1cc	0
Ppp1r10	2
Ppp1r11	7
Ppp1r12a	2
Ppp1r12b	0
Ppp1r12c	2
Ppp1r13b	4
Ppp1r13l	4
Ppp1r14b	5
Ppp1r15a	3
Ppp1r15b	1
Ppp1r16a	3
Ppp1r18	3
Ppp1r2	1
Ppp1r21	3
Ppp1r26	3
Ppp1r35	3
Ppp1r37	3
Ppp1r3b	6
Ppp1r3d	6
Ppp1r7	0
Ppp1r8	3
Ppp1r9a	2
Ppp1r9b	2
Ppp2ca	6
Ppp2cb	0
Ppp2r1a	4
Ppp2r1b	6
Ppp2r2a	1
Ppp2r2d	2
Ppp2r3a	0
Ppp2r3c	0
Ppp2r3d	2
Ptpa	4
Ppp2r5a	1
Ppp2r5b	4
Ppp2r5c	8
Ppp2r5d	4
Ppp2r5e	1
Ppp3ca	2
Ppp3cb	8
Ppp3cc	0
Ppp3r1	1
Ppp4c	7
Ppp4r1	0
Ppp4r1l-ps	2
Ppp4r2	1
Ppp5c	3
Ppp6c	6
Ppp6r1	4
Ppp6r2	8
Ppp6r3	6
Pprc1	4
Ppt1	6
Ppt2	5
Pptc7	0
Ppwd1	0
Pqbp1	5
Pqlc1	5
Pqlc2	5
Pqlc3	6
Pradc1	2
Praf2	3
Pramef8	1
Prcc	3
Prcp	1
Prdm1	1
Prdm10	0
Prdm11	2
Prdm15	0
Prdm16	0
Prdm2	2
Prdm4	2
Prdm9	2
Prdx1	6
Prdx2	5
Prdx3	1
Prdx4	9
Prdx5	5
Prdx6	6
Preb	3
Prelid1	3
Prelid2	1
Prep	4
Prepl	0
Prex1	4
Prickle1	0
Prickle3	4
Prim1	1
Prim2	9
Primpol	2
Prkaa1	1
Prkab1	3
Prkab2	0
Prkaca	5
Prkacb	6
Prkag1	0
Prkag2	3
Prkar1a	6
Prkar1b	9
Prkar2a	1
Prkca	0
Prkcb	4
Prkcd	3
Prkce	2
Prkch	1
Prkci	1
Prkcq	5
Prkcsh	3
Prkcz	5
Prkd2	4
Prkd3	1
Prkdc	8
Prkra	2
Prkrip1	0
Prkrir	1
Prkx	1
Prmt1	0
Prmt9	1
Prmt2	0
Prmt3	6
Prmt5	3
Prmt6	2
Prmt7	6
Prnp	2
Procr	3
Prodh	4
Prorsd1	1
Pros1	1
Prosc	0
Proser1	1
Proser3	4
Prox1	0
Prox2	4
Prpf18	1
Prpf19	2
Prpf3	2
Prpf31	3
Prpf38a	1
Prpf38b	2
Prpf39	10
Prpf4	6
Prpf40a	8
Prpf40b	2
Prpf4b	2
Prpf6	5
Prpf8	0
Prps1	6
Prps1l3	1
Prps2	0
Prpsap1	3
Prpsap2	2
Prr12	2
Prr13	3
Prr14	3
Prr14l	8
Prr3	2
Prr5	3
Prr5l	1
Prrc1	1
Prrc2a	2
Prrc2b	2
Prrc2c	2
Prrg2	3
Prss36	0
Prune1	1
Prune2	1
Psap	4
Psat1	6
Psd	0
Psd4	4
Psen1	5
Psen2	6
Psenen	5
Psip1	0
Pskh1	0
Psma1	1
Psma2	7
Psma3	8
Psma4	7
Psma5	7
Psma6	7
Psma7	7
Psma8	7
Psmb1	9
Psmb10	3
Psmb2	7
Psmb3	5
Psmb4	7
Psmb5	5
Psmb6	5
Psmb7	7
Psmb8	5
Psmb9	5
Psmc1	3
Psmc2	5
Psmc3	5
Psmc3ip	0
Psmc4	3
Psmc5	3
Psmc6	1
Psmd1	5
Psmd10	1
Psmd11	3
Psmd12	5
Psmd13	5
Psmd14	1
Psmd2	5
Psmd3	3
Psmd4	5
Psmd5	1
Psmd6	1
Psmd7	5
Psmd8	3
Psmd9	0
Psme1	3
Psme2	9
Psme2b	2
Psme3	6
Psme4	8
Psmf1	5
Psmg1	1
Psmg2	0
Psmg3	0
Psmg4	0
Pspc1	0
Psph	0
Pstk	7
Ptafr	0
Ptar1	8
Ptbp1	4
Ptbp2	2
Ptbp3	1
Ptcd1	4
Ptcd2	1
Ptcd3	2
Ptch1	0
Ptchd1	1
Ptdss1	6
Ptdss2	0
Pten	1
Pter	0
Ptger1	2
Ptger3	0
Ptges2	5
Ptges3	1
Ptgfrn	1
Ptgr1	2
Ptgr2	1
Ptgs1	6
Ptk2	5
Ptk2b	5
Ptma	7
Ptms	3
Ptov1	3
Ptp4a1	1
Ptp4a2	1
Ptp4a3	3
Ptpdc1	3
Ptpmt1	7
Ptpn1	3
Ptpn11	2
Ptpn12	0
Ptpn18	2
Ptpn2	8
Ptpn21	0
Ptpn22	0
Ptpn23	2
Ptpn4	2
Ptpn6	4
Ptpn9	0
Ptpra	4
Ptprc	1
Ptpre	0
Ptprj	1
Ptprm	6
Ptpro	6
Ptprs	4
Ptrh2	1
Ptrhd1	9
Pts	1
Pttg1	7
Pttg1ip	6
Puf60	3
Pum1	0
Pum2	2
Pura	0
Purb	8
Purg	10
Pus1	4
Pus10	1
Pus3	2
Pus7	0
Pus7l	0
Pusl1	2
Pvr	3
Nectin2	5
Nectin4	4
Pvt1	2
Pwp1	1
Pwp2	6
Pwwp2a	2
Pwwp2b	0
Pxdc1	5
Pxk	4
Pxmp4	3
Pxn	4
Pycard	7
Pycr2	3
Pycrl	0
Pygb	4
Pygl	2
Pygo2	6
Pyhin1	9
Pyroxd1	9
Pyroxd2	2
Pyurf	0
Qars	0
Qdpr	9
Qk	1
Qpct	1
Qpctl	4
Qprt	4
Qrich1	4
Qrsl1	0
Qser1	2
Qsox1	3
Qsox2	0
Qtrt1	3
Qtrtd1	0
R3hcc1	2
R3hcc1l	2
R3hdm1	2
R3hdm2	4
R3hdm4	5
R74862	0
Rab1	1
Rab10	6
Rab10os	2
Rab11a	1
Rab11b	3
Rab11fip2	2
Rab11fip3	2
Rab11fip5	4
Rab12	8
Rab14	1
Rab18	1
Rab19	0
Rab1b	3
Rab20	9
Rab21	1
Rab22a	0
Rab23	0
Rab24	8
Rab27a	0
Rab28	1
Rab29	0
Rab2a	6
Rab2b	1
Rab31	1
Rab32	1
Rab33b	1
Rab34	3
Rab35	9
Rab39	1
Rab3a	3
Rab3d	6
Rab3gap1	6
Rab3gap2	8
Rab3il1	3
Rab3ip	3
Rab40c	2
Rab42	7
Rab43	0
Rab4a	3
Rab4b	3
Rab5a	1
Rab5b	6
Rab5c	3
Rab6a	1
Rab6b	0
Rab7	3
Rab7b	5
Rab8a	5
Rab8b	1
Rab9	1
Rabac1	3
Rabep1	10
Rabep2	3
Rabepk	0
Rabgap1	6
Rabgap1l	0
Rabgef1	6
Rabggta	3
Rabggtb	2
Rabif	1
Rabl2	0
Rabl3	0
Rabl6	2
Rac1	6
Rac2	4
Rac3	3
Racgap1	0
Rad1	1
Rad17	8
Rad18	0
Rad21	9
Rad23a	3
Rad23b	0
Rad50	3
Rad51b	1
Rad51d	2
Rad52	2
Rad54l2	2
Rad9a	2
Rad9b	2
Rae1	5
Raf1	4
Rai1	2
Rala	1
Ralb	3
Ralbp1	3
Ralgapa1	8
Ralgapa2	0
Ralgapb	8
Ralgds	4
Ralgps1	2
Ralgps2	0
Raly	3
Ramp1	7
Ramp2	2
Ran	6
Ranbp1	0
Ranbp10	0
Ranbp2	8
Ranbp3	3
Ranbp6	1
Ranbp9	0
Rangap1	3
Rap1a	1
Rap1b	1
Rap1gap2	0
Rap1gds1	6
Rap2a	1
Rap2b	1
Rap2c	1
Rapgef1	2
Rapgef2	0
Rapgef5	8
Rapgef6	8
Rapgefl1	0
Raph1	2
Rapsn	5
Rarg	5
Rars	0
Rars2	1
Rasa1	0
Rasa2	8
Rasa3	4
Rasa4	2
Rasal2	2
Rasal3	4
Rasgef1b	5
Rasgrf2	6
Rasgrp3	2
Rasgrp4	2
Rasl2-9	0
Rassf1	2
Rassf2	3
Rassf3	3
Rassf4	1
Rassf5	0
Rassf7	0
Rassf8	0
Raver1	4
Rb1	1
Rb1cc1	8
Rbak	2
Rbbp4	1
Rbbp5	1
Rbbp6	2
Rbbp7	6
Rbbp8	0
Rbbp9	0
Rbck1	4
Rbfa	3
Rbfox1	0
Rbfox2	0
Rbks	0
Rbl1	1
Rbl2	4
Rbm10	4
Rbm12	1
Rbm12b1	7
Rbm12b2	1
Rbm14	5
Rbm15	0
Rbm15b	4
Rbm17	0
Rbm18	8
Rbm19	4
Rbm22	3
Rbm25	2
Rbm26	8
Rbm27	8
Rbm28	2
Rbm3	1
Rbm33	2
Rbm34	0
Rbm38	3
Rbm39	10
Rbm4	2
Rbm41	8
Rbm42	3
Rbm43	3
Rbm45	2
Rbm47	8
Rbm48	1
Rbm4b	1
Rbm5	2
Rbm6	2
Rbm7	1
Rbm8a	7
Rbms1	2
Rbms2	0
Rbmx	2
Rbmx2	7
Rbmxl1	1
Rbpj	6
Rbpms	6
Rbsn	6
Rbx1	7
Rc3h1	8
Rc3h2	8
Rcan1	2
Rcan3	6
Rcbtb1	0
Rcbtb2	5
Rcc1	0
Rcc2	4
Rccd1	2
Rce1	0
Rchy1	1
Rcl1	5
Rcn1	9
Rcn2	1
Rcn3	0
Rcor1	0
Rcor3	1
Rcsd1	3
Rdh10	0
Rdh11	6
Rdh12	0
Rdh13	0
Rdh14	1
Rdm1	0
Rdx	6
Rec114	9
Reck	0
Recql	0
Recql5	0
Reep3	1
Reep4	3
Reep5	9
Rel	1
Rela	4
Relb	9
Rell1	9
Relt	4
Renbp	5
Repin1	0
Reps1	3
Rer1	1
Rere	2
Rest	0
Retsat	5
Rev1	8
Rev3l	2
Rexo1	2
Rexo2	5
Rexo4	3
Rfc1	4
Rfc2	0
Rfc3	0
Rfc4	1
Rfc5	9
Rfesd	2
Rffl	2
Rfk	6
Rfng	2
Rft1	9
Rftn1	5
Rfwd2	1
Rfwd3	6
Rfx1	4
Rfx3	0
Rfx5	0
Rfx7	8
Rfxank	3
Rfxap	2
Rgl1	0
Rgl2	2
Rgl3	3
Rgmb	6
Rgp1	2
Rgs1	3
Rgs10	0
Rgs12	2
Rgs14	3
Rgs19	2
Rgs2	7
Rgs3	2
Rgs7bp	2
Rhbdd1	6
Rhbdd2	6
Rhbdd3	3
Rhbdf1	4
Rhbdf2	4
Rheb	1
Rhebl1	3
Rhno1	2
Rhoa	6
Rhob	3
Rhobtb1	2
Rhobtb2	4
Rhoc	3
Rhof	3
Rhog	3
Rhoh	1
Rhoq	1
Rhot1	0
Rhot2	2
Ric1	1
Ric3	1
Ric8a	0
Ric8b	2
Rictor	1
Rif1	8
Rilpl1	3
Rilpl2	3
Rin2	2
Rin3	4
Ring1	3
Rinl	3
Rint1	2
Riok1	0
Riok2	0
Riok3	0
Ripk1	0
Ripk2	1
Ripk3	2
Rit1	3
Rita1	4
Rlf	8
Rlim	1
Rmdn1	0
Rmdn2	7
Rmdn3	3
Rmi1	1
Rmnd5a	8
Rmnd5b	5
Rn45s	2
Rnase10	9
Rnase12	2
Rnase4	0
Rnase6	9
Rnaseh1	2
Rnaseh2a	3
Rnaseh2b	1
Rnaseh2c	3
Rnasek	3
Rnasel	2
Rnaset2b	9
Rnf10	3
Rnf103	1
Rnf11	1
Rnf111	1
Rnf113a1	0
Rnf113a2	2
Rnf114	9
Rnf115	6
Rnf121	6
Rnf122	0
Rnf123	4
Rnf126	3
Rnf128	1
Rnf13	1
Rnf130	1
Rnf135	1
Rnf138	1
Rnf139	1
Rnf14	0
Rnf141	1
Rnf144b	0
Rnf145	0
Rnf146	1
Rnf149	0
Rnf150	2
Rnf157	5
Rnf166	3
Rnf167	5
Rnf168	0
Rnf169	2
Rnf17	0
Rnf170	1
Rnf180	6
Rnf181	3
Rnf185	0
Rnf187	3
Rnf19a	1
Rnf19b	0
Rnf2	1
Rnf20	2
Rnf214	8
Rnf215	2
Rnf216	0
Rnf219	1
Rnf220	3
Rnf24	0
Rnf25	2
Rnf26	5
Rnf31	4
Rnf34	9
Rnf38	10
Rnf4	1
Rnf40	4
Rnf41	4
Rnf44	4
Rnf5	7
Rnf6	0
Rnf7	1
Rnf8	2
Rnft1	1
Rngtt	1
Rnh1	5
Rnls	1
Rnmt	0
Rnmtl1	0
Rnpc3	10
Rnpep	3
Rnpepl1	3
Rnps1	0
Rock1	8
Rock2	2
Rogdi	3
Romo1	7
Ropn1l	0
Rora	6
Rp2	1
Rp9	0
Rpa1	5
Rpa2	0
Rpa3	7
Rpain	2
Rpap1	2
Rpap2	0
Rpap3	4
Rpe	1
Rpf1	1
Rpf2	7
Rpgr	1
Rpgrip1l	8
Rpia	9
Rpl10	2
Rpl10a	2
Rpl13	9
Rpl13a	7
Rpl14	9
Rpl14-ps1	1
Rpl15	8
Rpl18	3
Rpl18a	9
Rpl19	3
Rpl21	0
Rpl22	9
Rpl22l1	7
Rpl23	9
Rpl27	9
Rpl27a	1
Rpl29	9
Rpl3	1
Rpl31	1
Rpl32	9
Rpl34	2
Rpl35	7
Rpl35a	7
Rpl36al	7
Rpl37	7
Rpl37a	7
Rpl37rt	7
Rpl38	7
Rpl39	9
Rpl4	9
Rpl41	9
Rpl5	2
Rpl6	9
Rpl7	9
Rpl7a	9
Rpl7l1	0
Rpl8	9
Rplp0	9
Rplp1	9
Rplp2	9
Rpn1	5
Rpn2	5
Rpp14	1
Rpp21	3
Rpp25l	2
Rpp30	8
Rpp38	9
Rpp40	1
Rprd1a	0
Rprd1b	0
Rprd2	1
Rps10	9
Rps11	9
Rps14	9
Rps15	7
Rps15a	9
Rps15a-ps4	0
Rps16	7
Rps18	7
Rps19	9
Rps19bp1	3
Rps2	9
Rps20	9
Rps21	7
Rps23	1
Rps24	9
Rps25	9
Rps26	7
Rps27a	1
Rps27l	7
Rps3	9
Rps3a1	9
Rps4l	3
Rps4x	9
Rps5	9
Rps6	1
Rps6ka1	4
Rps6ka2	4
Rps6ka3	2
Rps6ka4	4
Rps6ka5	1
Rps6kb1	2
Rps6kb2	2
Rps6kc1	4
Rps7	9
Rps8	7
Rps9	9
Rpsa	9
Rptor	4
Rptoros	8
Rpusd1	3
Rpusd2	0
Rpusd3	4
Rpusd4	0
Cnot9	1
Rrad	5
Rraga	1
Rragc	6
Rras	5
Rras2	0
Rrbp1	3
Rreb1	2
Rrm1	6
Rrm2b	1
Rrn3	1
Rrnad1	2
Rrp1	3
Rrp12	6
Rrp15	0
Rrp1b	4
Rrp36	3
Rrp7a	3
Rrp8	0
Rrp9	3
Rrs1	3
Rsad1	4
Rsad2	9
Rsbn1	1
Rsbn1l	8
Rsf1	2
Rsl1	1
Rsl1d1	3
Rsl24d1	1
Rslcan18	0
Rsph3a	0
Rsph3b	5
Rsph9	2
Rspo1	3
Rspry1	1
Rsrc1	0
Rsrc2	2
Rsrp1	2
Rsu1	5
Rtca	0
Rtcb	5
Rtel1	0
Rtf1	2
Rtfdc1	3
Rtn1	4
Rtn3	1
Rtn4	7
Rtn4ip1	1
Rtn4rl1	4
Rtp4	9
Rttn	8
Rufy1	3
Rufy2	8
Rufy3	3
Rundc1	4
Runx1	1
Rusc1	2
Rusc2	2
Ruvbl1	3
Ruvbl2	3
Rwdd1	7
Rwdd2a	3
Rwdd2b	1
Rwdd3	6
Rwdd4a	0
Rxra	4
Rxrb	3
Rybp	8
Ryk	6
S100a1	9
S100a10	3
S100a11	7
S100a13	7
S100pbp	1
S1pr1	6
S1pr2	5
Saal1	0
Sac3d1	3
Sacm1l	1
Sae1	0
Safb	3
Safb2	2
Sall1	4
Sall2	4
Sall3	2
Samd1	2
Samd10	0
Samd4b	4
Samd8	8
Samd9l	9
Samhd1	0
Samm50	5
Samsn1	1
Sap130	2
Sap18	1
Sap30	1
Sap30bp	3
Sap30l	3
Sar1a	1
Sar1b	1
Saraf	6
Sardh	3
Sarm1	5
Sarnp	7
Sars	3
Sars2	3
Sart1	3
Sart3	5
Sash3	4
Sass6	0
Sat1	7
Sat2	6
Satb1	0
Sav1	1
Saysd1	0
Sbds	0
Sbf1	2
Sbf2	8
Sbk1	4
Sbno1	8
Sbno2	4
Sc5d	1
Scaf1	3
Scaf11	2
Scaf4	4
Scaf8	1
Scai	8
Scamp1	6
Scamp2	5
Scamp3	3
Scamp4	5
Scamp5	0
Scand1	3
Scap	4
Scaper	2
Scarb1	1
Scarb2	6
Scarf2	5
Sccpdh	1
Scd2	4
Scfd1	1
Scfd2	1
Scimp	6
Sclt1	2
Scly	4
Scmh1	4
Scn1b	5
Scnm1	2
Sco1	6
Scoc	8
Scp2	6
Scpep1	6
Scrib	2
Scrn2	4
Scrn3	6
Scube1	9
Scyl1	3
Scyl2	6
Scyl3	0
Sdad1	1
Sdc3	6
Sdc4	8
Sdcbp	6
Sdccag3	2
Sdccag8	3
Sde2	6
Sdf2	7
Sdf2l1	1
Sdf4	5
Sdha	5
Sdhaf1	2
Sdhaf2	2
Sdhaf3	7
Sdhaf4	7
Sdhb	3
Sdhc	5
Sdhd	6
Sdk1	4
Sdr39u1	2
Sdr42e1	6
Sec11a	1
Sec11c	7
Sec13	3
Sec14l1	4
Sec14l2	3
Sec16a	8
Sec16b	0
Sec22a	1
Sec22b	1
Sec22c	0
Sec23a	1
Sec23b	6
Sec23ip	0
Sec24a	1
Sec24b	6
Sec24c	4
Sec24d	0
Sec31a	5
Sec61a1	6
Sec61a2	2
Sec61b	7
Sec61g	9
Sec62	7
Sec63	0
Secisbp2	2
Secisbp2l	0
Seh1l	6
Sel1l	6
Selenbp1	3
Selk	7
Selm	0
Selo	0
Selplg	3
Selt	1
Sema4a	0
Sema4b	2
Sema4c	0
Sema4d	6
Sema4g	2
Sema6b	0
Sema6d	2
Senp1	1
Senp2	2
Senp3	2
Senp5	1
Senp6	2
Senp7	1
Senp8	2
Sep15	1
Sephs1	0
Sephs2	4
Sepn1	4
Sepp1	1
Sepsecs	1
Sept10	1
Sept11	8
Sept2	1
Sept4	3
Sept6	0
Sept7	1
Sept8	2
Sept9	2
Sepw1	9
Serac1	0
Serbp1	7
Serf1	10
Serf2	8
Sergef	3
Serhl	0
Serinc1	1
Serinc3	6
Serinc5	6
Serp1	1
Serpinb6a	0
Serpinb9	0
Serpine1	5
Serpine2	9
Serpinf1	3
Sertad1	5
Sertad2	3
Sertad3	3
Sesn1	0
Sesn2	2
Set	0
Setbp1	0
Setd1a	2
Setd1b	2
Setd2	2
Setd3	9
Setd4	2
Setd5	2
Setd6	3
Setd7	0
Kmt5a	2
Setdb1	0
Setdb2	1
Setmar	2
Setx	0
Sf1	4
Sf3a1	4
Sf3a2	5
Sf3a3	3
Sf3b1	2
Sf3b2	3
Sf3b3	6
Sf3b4	5
Sf3b5	3
Sf3b6	7
Sfi1	2
Sfmbt1	1
Sfmbt2	0
Sfpq	2
Sfr1	7
Sfswap	2
Sft2d1	7
Sft2d2	6
Sft2d3	1
Sfxn1	0
Sfxn2	2
Sfxn3	5
Sfxn4	2
Sfxn5	2
Sgcb	6
Sgce	0
Sgip1	5
Sgk1	6
Sgk3	1
Sgms1	1
Sgpl1	6
Sgpp1	1
Sgsh	3
Sgsm2	4
Sgsm3	3
Sgta	4
Sh2b1	3
Sh2b2	4
Sh2b3	4
Sh2d3c	4
Sh3bgrl	1
Sh3bgrl2	6
Sh3bgrl3	5
Sh3bp1	3
Sh3bp2	2
Sh3bp4	0
Sh3bp5	2
Sh3bp5l	3
Sh3gl1	2
Sh3glb1	9
Sh3glb2	3
Sh3kbp1	4
Sh3pxd2a	2
Sh3tc1	4
Sh3yl1	5
Sharpin	3
Shb	4
Shc1	4
Shf	3
Shfm1	7
Shisa5	5
Shkbp1	3
Shmt1	6
Shmt2	4
Shoc2	1
Shpk	3
Shprh	1
Shq1	0
Shroom1	3
Siae	6
Siah1a	1
Siah1b	9
Siah2	1
Sidt2	4
Siglece	9
Siglecf	1
Siglecg	0
Siglech	2
Sigmar1	5
Sik2	2
Sik3	4
Sike1	1
Sil1	5
Simc1	2
Sin3a	2
Sin3b	3
Sipa1	3
Sipa1l1	2
Sipa1l2	4
Sipa1l3	2
Sirpa	0
Sirt1	10
Sirt2	3
Sirt3	3
Sirt4	2
Sirt5	0
Sirt6	0
Sirt7	2
Siva1	7
Ska2	1
Skap2	1
Ski	4
Skil	1
Skiv2l	3
Skiv2l2	6
Skp1a	1
Skp2	1
Sla	8
Slain2	1
Slamf1	0
Slamf6	6
Slamf8	9
Slamf9	9
Slbp	1
Slc10a3	6
Slc10a7	0
Slc11a1	5
Slc11a2	6
Slc12a2	1
Slc12a4	5
Slc12a6	0
Slc12a7	0
Slc12a9	5
Slc13a3	0
Slc14a1	6
Slc15a3	0
Slc15a4	1
Slc16a1	6
Slc16a10	1
Slc16a13	0
Slc16a3	5
Slc16a6	2
Slc16a7	1
Slc16a9	0
Slc17a5	0
Slc17a9	6
Slc18a2	1
Slc18b1	1
Slc19a1	5
Slc19a2	0
Slc1a3	10
Slc1a4	8
Slc1a5	4
Slc20a1	2
Slc20a2	4
Slc22a17	3
Slc22a5	6
Slc23a2	6
Slc24a3	4
Slc25a1	5
Slc25a10	4
Slc25a11	5
Slc25a12	4
Slc25a13	2
Slc25a14	1
Slc25a15	1
Slc25a16	0
Slc25a17	3
Slc25a19	2
Slc25a20	5
Slc25a22	3
Slc25a23	2
Slc25a25	2
Slc25a26	3
Slc25a28	2
Slc25a29	0
Slc25a3	0
Slc25a30	0
Slc25a32	1
Slc25a33	5
Slc25a35	4
Slc25a36	1
Slc25a37	2
Slc25a38	2
Slc25a39	5
Slc25a4	9
Slc25a40	8
Slc25a42	4
Slc25a43	3
Slc25a44	4
Slc25a45	2
Slc25a46	1
Slc25a5	0
Slc25a51	1
Slc25a53	2
Slc26a11	3
Slc26a2	1
Slc26a6	2
Slc27a1	4
Slc27a4	4
Slc29a1	9
Slc29a2	0
Slc29a3	6
Slc2a1	6
Slc2a10	5
Slc2a3	5
Slc2a5	5
Slc2a6	9
Slc2a8	5
Slc2a9	0
Slc30a1	8
Slc30a4	1
Slc30a5	1
Slc30a6	1
Slc30a7	1
Slc30a9	1
Slc31a1	1
Slc31a2	6
Slc33a1	1
Slc35a1	1
Slc35a2	5
Slc35a3	1
Slc35a4	6
Slc35a5	6
Slc35b1	1
Slc35b2	6
Slc35b3	0
Slc35b4	1
Slc35c1	5
Slc35c2	4
Slc35d1	0
Slc35d2	1
Slc35e1	6
Slc35e2	8
Slc35e3	1
Slc35e4	5
Slc35f5	1
Slc35f6	5
Slc35g1	0
Slc35g2	9
Slc36a1	2
Slc36a2	9
Slc36a4	1
Slc37a1	3
Slc37a2	0
Slc37a3	0
Slc37a4	0
Slc38a1	4
Slc38a10	4
Slc38a2	6
Slc38a6	2
Slc38a7	4
Slc38a9	1
Slc39a1	7
Slc39a10	6
Slc39a11	6
Slc39a12	1
Slc39a13	3
Slc39a14	1
Slc39a3	4
Slc39a4	9
Slc39a6	5
Slc39a7	3
Slc39a8	1
Slc39a9	1
Slc3a2	5
Slc40a1	1
Slc41a1	4
Slc41a3	5
Slc43a2	4
Slc43a3	1
Slc44a1	1
Slc44a2	6
Slc45a4	4
Slc46a1	6
Slc46a3	9
Slc48a1	5
Slc4a1ap	0
Slc4a2	4
Slc4a7	1
Slc50a1	7
Slc52a2	5
Slc5a10	5
Slc5a3	1
Slc5a5	5
Slc5a6	6
Slc6a6	4
Slc7a1	1
Slc7a5	6
Slc7a6	1
Slc7a6os	2
Slc7a7	5
Slc7a8	4
Slc8a1	8
Slc8b1	5
Slc9a1	4
Slc9a3r1	3
Slc9a3r2	3
Slc9a6	1
Slc9a7	1
Slc9a8	0
Slc9a9	6
Slco2b1	4
Slco4a1	5
Slfn2	6
Slfn5	9
Slfn8	2
Slfn9	2
Slirp	7
Slk	8
Slmap	1
Slmo1	2
Slmo2	0
Sltm	2
Slu7	3
Slx1b	2
Slx4	2
Slx4ip	2
Smad1	6
Smad2	1
Smad3	0
Smad4	1
Smad5	8
Smad6	3
Smad7	0
Smagp	5
Smap1	3
Smap2	0
Smarca2	2
Smarca4	4
Smarca5	1
Smarcad1	1
Smarcal1	4
Smarcb1	3
Smarcc1	2
Smarcc2	4
Smarcd1	4
Smarcd2	3
Smarcd3	3
Smarce1	2
Smc1a	3
Smc2	1
Smc3	10
Smc4	0
Smc5	1
Smc6	8
Smchd1	1
Smcr8	1
Smdt1	7
Smek1	1
Smek2	8
Smg1	2
Smg5	2
Smg6	2
Smg7	8
Smg8	6
Smg9	4
Smim1	4
Smim10l1	8
Smim10l2a	2
Smim11	7
Smim12	5
Smim13	6
Smim14	6
Smim15	1
Smim19	7
Smim20	7
Smim24	3
Smim3	6
Smim4	7
Smim7	1
Smim8	7
Smn1	3
Smndc1	0
Smo	4
Smox	2
Smpd1	5
Smpd2	4
Smpd4	4
Smpd5	2
Smpdl3a	9
Smpdl3b	5
Sms	1
Smtn	5
Smu1	1
Smug1	0
Smurf1	4
Smurf2	8
Smyd2	0
Smyd3	0
Smyd4	0
Smyd5	4
Snap23	1
Snap25	1
Snap29	0
Snap47	5
Snapc1	1
Snapc2	4
Snapc3	10
Snapc4	2
Snapc5	2
Snapin	1
Sncaip	2
Snd1	4
Snf8	7
Snhg20	2
Snhg3	8
Snhg5	2
Snhg6	2
Snhg7	1
Snhg8	7
Snip1	9
Snn	0
Snora28	2
Snph	5
Snrk	5
Snrnp200	0
Snrnp25	9
Snrnp27	7
Snrnp35	3
Snrnp40	1
Snrnp48	2
Snrnp70	2
Snrpa	3
Snrpa1	2
Snrpb	3
Snrpb2	7
Snrpc	3
Snrpd1	7
Snrpd2	7
Snrpd3	7
Snrpe	7
Snrpf	7
Snrpg	7
Snta1	3
Sntb2	2
Snupn	7
Snw1	3
Snx1	3
Snx10	1
Snx11	0
Snx12	6
Snx13	1
Snx14	1
Snx15	3
Snx16	8
Snx17	5
Snx18	6
Snx19	4
Snx2	0
Snx20	3
Snx21	3
Snx24	2
Snx25	0
Snx27	10
Snx29	8
Snx3	0
Snx30	2
Snx32	3
Snx33	0
Snx4	6
Snx5	7
Snx6	0
Snx7	1
Snx8	2
Snx9	4
Soat1	6
Socs1	0
Socs3	4
Socs4	1
Socs5	8
Socs6	1
Socs7	2
Sod1	7
Sod2	1
Soga1	2
Son	8
Sorbs1	0
Sord	0
Sorl1	4
Sort1	6
Sos1	1
Sos2	1
Sowahc	1
Sox15	3
Sox4	3
Sp1	8
Sp100	9
Sp110	5
Sp140	8
Sp2	4
Sp3	1
Sp3os	7
Sp4	8
Spag7	3
Spag9	0
Sparc	0
Spast	1
Spata1	8
Spata13	6
Spata2	4
Spata24	1
Spata2l	5
Spata5	1
Spata5l1	2
Spata6	3
Spata7	0
Spats2	0
Spc25	0
Spcs1	7
Spcs2	1
Spcs3	1
Specc1	2
Specc1l	0
Speg	2
Spen	2
Spg11	0
Spg20	6
Spg21	6
Spg7	0
Sphk2	4
Spi1	3
Spice1	3
Spidr	0
Spin1	1
Spint1	5
Spire1	2
Spns1	2
Spns2	9
Spns3	9
Spop	2
Spopl	8
Spp1	5
Sppl2a	1
Sppl2b	4
Sppl3	6
Spr	3
Spred1	1
Spred2	4
Sprtn	0
Spry1	3
Spryd3	5
Spryd4	7
Spryd7	1
Spsb1	4
Spsb2	0
Spsb3	3
Sptan1	2
Sptbn1	2
Sptlc1	6
Sptlc2	6
Sptssa	1
Spty2d1	1
Sqle	1
Sqrdl	0
Sqstm1	5
Sra1	7
Srbd1	4
Src	2
Srcap	2
Srd5a3	6
Srebf1	4
Srebf2	5
Srek1	2
Srek1ip1	7
Srf	2
Srfbp1	0
Srgap2	2
Srgn	9
Sri	1
Srl	0
Srm	3
Srp14	7
Srp19	7
Srp54a	1
Srp68	3
Srp72	0
Srp9	1
Srpk1	2
Srpk2	3
Srpk3	2
Srpr	6
Srprb	6
Srr	2
Srrd	2
Srrm1	2
Srrm2	2
Srrt	4
Srsf1	1
Srsf10	1
Srsf11	10
Srsf2	8
Srsf3	1
Srsf4	3
Srsf5	2
Srsf6	10
Srsf7	10
Srsf9	9
Srxn1	0
Ss18	0
Ss18l1	2
Ssb	0
Ssbp1	2
Ssbp2	3
Ssbp3	3
Ssbp4	3
Ssfa2	2
Ssh1	4
Ssh2	0
Ssna1	2
Sspn	0
Ssr1	6
Ssr2	6
Ssr3	1
Ssr4	7
Ssrp1	4
Sssca1	3
Ssu72	7
Ssx2ip	1
St13	3
St14	5
St3gal1	3
St3gal2	4
St3gal3	2
St3gal4	0
St3gal5	5
St3gal6	1
St5	5
St6gal1	0
St6galnac4	4
St6galnac6	4
St7	1
St7l	1
St8sia1	1
St8sia4	0
St8sia6	9
Stab1	4
Stag1	1
Stag2	1
Stam	1
Stam2	1
Stambp	5
Stambpl1	3
Stamos	0
Star	2
Stard3	0
Stard3nl	1
Stard4	1
Stard5	0
Stard7	1
Stard8	2
Stat1	9
Stat2	0
Stat3	4
Stat5a	4
Stat5b	4
Stat6	4
Stau1	4
Stau2	0
Stbd1	5
Steap3	0
Stim1	4
Stim2	0
Stip1	3
Stk10	4
Stk11	3
Stk11ip	4
Stk16	2
Stk17b	1
Stk19	2
Stk24	7
Stk25	2
Stk26	0
Stk3	8
Stk35	8
Stk38	0
Stk38l	6
Stk4	0
Stk40	4
Stmn1	5
Stom	5
Stoml1	3
Stoml2	0
Ston2	2
Stra13	7
Strada	3
Stradb	0
Strap	1
Strbp	2
Strip1	4
Strn	1
Strn3	1
Strn4	3
Stt3a	6
Stt3b	6
Stub1	3
Stx12	1
Stx16	2
Stx17	1
Stx18	4
Stx2	4
Stx3	1
Stx4a	2
Stx5a	3
Stx6	0
Stx7	1
Stx8	7
Stxbp1	4
Stxbp2	3
Stxbp3	10
Stxbp4	8
Stxbp5	1
Sub1	1
Sucla2	1
Suclg1	3
Suclg2	6
Suco	8
Suds3	0
Sufu	4
Sugp1	3
Sugp2	2
Sugt1	1
Sulf2	0
Sult1a1	3
Sult6b1	0
Sumf1	6
Sumf2	5
Sumo1	1
Sumo3	6
Sun1	6
Sun2	3
Suox	5
Supt16	8
Supt20	2
Supt3	2
Supt4a	7
Supt5	4
Supt6	2
Supt7l	6
Supv3l1	0
Surf1	3
Surf2	3
Surf4	6
Surf6	4
Susd1	0
Susd3	5
Susd6	1
Suv39h1	0
Suv39h2	0
Kmt5b	8
Kmt5c	2
Suz12	1
Sv2a	5
Svil	2
Svip	6
Swap70	6
Swi5	7
Swsap1	3
Swt1	7
Syap1	0
Syce2	9
Syf2	3
Syk	4
Sympk	2
Syn3	1
Syncrip	1
Syne2	2
Syngap1	9
Syngr1	9
Syngr2	5
Synj1	0
Synj2	5
Synj2bp	8
Synrg	0
Syp	5
Sypl	1
Sys1	5
Syt11	3
Syt3	5
Syvn1	4
Szrd1	2
Szt2	2
Tab1	4
Tab2	2
Tab3	0
Tacc1	1
Tacc2	4
Tacc3	9
Taco1	0
Tada1	1
Tada2a	3
Tada2b	6
Tada3	3
Taf1	0
Taf10	5
Taf11	1
Taf12	3
Taf13	1
Taf15	2
Taf1a	2
Taf1b	0
Taf1c	4
Taf1d	2
Taf2	1
Taf3	2
Taf4	3
Taf4b	0
Taf5	8
Taf5l	0
Taf6	3
Taf6l	4
Taf7	1
Taf8	3
Taf9	1
Taf9b	1
Tagap	0
Tagap1	2
Tagln2	5
Tal1	2
Taldo1	5
Tamm41	0
Tanc2	8
Tango2	2
Tango6	4
Tank	1
Taok1	2
Taok2	2
Taok3	3
Tap1	5
Tap2	5
Tapbp	5
Tapbpl	3
Tapt1	1
Tarbp2	2
Tardbp	10
Tars	4
Tars2	0
Tasp1	0
Tatdn1	1
Tatdn2	2
Tatdn3	2
Tax1bp1	4
Tax1bp3	5
Taz	3
Tbc1d1	1
Tbc1d10a	0
Tbc1d10b	4
Tbc1d10c	0
Tbc1d12	0
Tbc1d13	2
Tbc1d14	6
Tbc1d15	6
Tbc1d16	2
Tbc1d17	3
Tbc1d19	9
Tbc1d20	0
Tbc1d22a	3
Tbc1d22b	4
Tbc1d23	0
Tbc1d24	1
Tbc1d25	4
Tbc1d2b	0
Tbc1d31	0
Tbc1d32	1
Tbc1d4	2
Tbc1d5	0
Tbc1d7	0
Tbc1d8	0
Tbc1d8b	0
Tbc1d9	2
Tbc1d9b	4
Tbca	7
Tbcb	5
Tbcc	3
Tbccd1	1
Tbcd	6
Tbce	2
Tbcel	1
Tbck	1
Tbk1	8
Tbkbp1	4
Tbl1x	2
Tbl1xr1	1
Tbl2	1
Tbl3	4
Tbp	10
Tbpl1	1
Tbrg1	5
Tbrg3	8
Tbrg4	2
Tbxas1	6
Tcaf1	0
Tcaim	10
Tcea1	1
Tcea2	3
Tceal1	1
Tceal8	1
Tceanc	1
Tceanc2	0
Tceb1	1
Tceb2	7
Tceb3	4
Tcerg1	2
Tcf12	1
Tcf19	5
Tcf20	2
Tcf24	3
Tcf25	2
Tcf3	4
Tcf4	3
Tcf7l2	0
Tchp	2
Tcirg1	2
Tcn2	5
Tcof1	3
Tcp1	0
Tcp11l1	0
Tcp11l2	3
Tcta	7
Tctex1d2	1
Tctn1	5
Tctn3	1
Tdp1	3
Tdp2	8
Tdrd3	10
Tdrd7	4
Tdrkh	0
Tec	10
Tecpr1	3
Tecpr2	0
Tecr	5
Tef	0
Tefm	1
Telo2	4
Ten1	0
Tep1	1
Terf1	0
Terf2	2
Terf2ip	10
Tes	1
Tesk1	3
Tesk2	0
Tet1	2
Tet2	2
Tet3	2
Tex10	1
Tex12	1
Tex2	4
Tex261	6
Tex264	5
Tex30	1
Tfam	1
Tfap4	3
Tfb1m	8
Tfb2m	1
Tfcp2	0
Tfdp1	1
Tfdp2	0
Tfe3	4
Tfeb	4
Tfg	3
Tfip11	4
Tfpi	1
Tfpt	3
Tfrc	1
Tgds	8
Tgfa	6
Tgfb1	4
Tgfbi	0
Tgfbr1	1
Tgfbr2	6
Tgfbrap1	0
Tgif1	0
Tgif2	0
Tgm2	4
Tgm4	4
Tgoln1	1
Tgs1	1
Tha1	2
Thada	6
Thap1	1
Thap11	5
Thap2	0
Thap3	2
Thap4	3
Thap6	2
Thap7	3
Thbs1	4
Thbs2	0
Them4	7
Them6	3
Themis2	4
Thg1l	2
Thnsl1	1
Thnsl2	3
Thoc1	8
Thoc2	8
Thoc3	0
Thoc5	3
Thoc6	5
Thoc7	7
Thop1	4
Thra	3
Thrap3	2
Thrsp	5
Thsd1	4
Thtpa	0
Thumpd1	1
Thumpd2	0
Thumpd3	2
Thyn1	1
Tia1	10
Tial1	2
Tiam1	2
Ticam1	0
Ticam2	0
Tifa	1
Tifab	3
Tigar	4
Tigd2	1
Tigd5	0
Timm10	7
Timm10b	7
Timm13	2
Timm17a	7
Timm17b	5
Timm21	0
Timm22	5
Timm23	1
Timm44	2
Timm50	3
Timm8b	7
Timm9	2
Timmdc1	0
Timp2	5
Tinf2	2
Tiparp	1
Tipin	7
Tiprl	6
Tirap	2
Tjap1	4
Tjp1	0
Tjp2	4
Tk2	1
Tkfc	0
Tkt	4
Tlcd2	6
Tldc1	0
Tle1	5
Tle2	5
Tle3	3
Tle4	6
Tlk1	2
Tlk2	2
Tln1	4
Tln2	4
Tlr1	1
Tlr12	5
Tlr13	6
Tlr2	9
Tlr3	6
Tlr4	1
Tlr5	1
Tlr6	1
Tlr7	1
Tlr9	1
Tm2d1	1
Tm2d2	5
Tm2d3	9
Tm6sf1	2
Tm7sf2	1
Tm7sf3	6
Tm9sf1	6
Tm9sf2	1
Tm9sf3	1
Tm9sf4	5
Tma16	0
Tma7	7
Tmbim1	6
Tmbim4	1
Tmbim6	5
Tmc6	5
Tmc7	10
Tmc8	2
Tmcc1	8
Tmcc2	3
Tmcc3	4
Tmco1	1
Tmco3	0
Tmco4	4
Tmco6	2
Tmed1	3
Tmed10	9
Tmed2	1
Tmed3	0
Tmed4	0
Tmed5	1
Tmed7	1
Tmed8	1
Tmed9	2
Tmem100	9
Tmem101	0
Tmem104	4
Tmem106a	5
Tmem106b	1
Tmem106c	5
Tmem109	5
Tmem11	0
Tmem110	6
Tmem115	5
Tmem119	5
Tmem120a	9
Tmem120b	0
Tmem123	6
Tmem126a	1
Tmem126b	7
Tmem127	3
Tmem128	1
Tmem129	1
Tmem131	4
Tmem132a	3
Tmem134	5
Tmem135	6
Tmem138	7
Tmem140	2
Tmem141	0
Tmem143	2
Tmem144	0
Tmem147	6
Tmem14a	1
Tmem14c	7
Tmem150a	0
Tmem154	6
Tmem159	6
Tmem160	5
Tmem161a	3
Tmem161b	0
Tmem164	1
Tmem165	6
Tmem167	1
Tmem167b	1
Tmem168	1
Tmem17	9
Tmem170	0
Tmem170b	1
Tmem173	5
Tmem175	6
Tmem176a	9
Tmem176b	0
Tmem177	1
Tmem179b	7
Tmem18	1
Mfsd13a	0
Tmem181a	0
Tmem183a	2
Tmem184b	4
Tmem184c	0
Tmem185b	6
Tmem186	1
Tmem189	5
Tmem19	6
Tmem192	7
Nemp1	6
Nemp2	0
Tmem198b	4
Tmem199	0
Tmem2	6
Tmem201	4
Tmem203	7
Tmem204	3
Tmem205	9
Tmem206	2
Tmem208	7
Tmem209	1
Tmem214	5
Tmem216	0
Tmem218	1
Tmem219	5
Tmem220	1
Tmem221	5
Tmem222	9
Tmem223	7
Tmem229b	1
Tmem230	1
Tmem231	3
Tmem234	2
Tmem237	1
Tmem241	1
Tmem242	7
Tmem243	1
Tmem245	2
Tmem248	6
Tmem251	7
Tmem256	7
Tmem258	7
Tmem259	3
Tmem260	1
Tmem261	7
Tmem263	1
Tmem265	3
Tmem29	9
Tmem30a	1
Tmem33	1
Tmem37	9
Tmem38a	0
Tmem38b	1
Tmem39a	8
Tmem39b	3
Tmem41a	6
Tmem41b	1
Tmem42	0
Tmem43	4
Tmem44	2
Tmem5	1
Tmem50a	5
Tmem50b	6
Tmem52	2
Tmem53	6
Tmem55a	1
Tmem55b	2
Tmem57	2
Tmem59	6
Tmem60	7
Tmem62	3
Tmem63a	5
Tmem63b	2
Tmem64	1
Tmem65	6
Tmem67	6
Tmem68	1
Tmem69	2
Tmem70	1
Tmem71	1
Tmem79	5
Tmem8	4
Tmem80	7
Tmem81	0
Tmem86a	5
Tmem87a	8
Tmem87b	8
Tmem8b	3
Tmem8c	5
Tmem9	0
Tmem91	7
Tmem97	6
Tmem9b	6
Tmf1	2
Tmigd3	0
Tmlhe	1
Tmod1	3
Tmod3	6
Tmpo	1
Tmppe	1
Tmsb10	7
Tmsb4x	7
Tmtc3	1
Tmtc4	1
Tmub1	5
Tmub2	5
Tmx1	1
Tmx2	6
Tmx3	1
Tmx4	1
Tnf	4
Tnfaip1	4
Tnfaip2	5
Tnfaip3	8
Tnfaip8	1
Tnfaip8l2	3
Tnfrsf11a	6
Tnfrsf12a	0
Tnfrsf13b	2
Tnfrsf14	2
Tnfrsf17	9
Tnfrsf1a	5
Tnfrsf1b	4
Tnfrsf21	6
Tnfrsf22	0
Tnfrsf23	1
Tnfrsf26	5
Tnfsf10	6
Tnfsf12	3
Tnfsf13	3
Tnfsf13b	5
Tnfsf8	6
Tnfsf9	0
Tnip1	3
Tnip2	2
Tnks	1
Tnks1bp1	2
Tnks2	1
Tnni2	7
Tnpo1	1
Tnpo2	4
Tnpo3	0
Tnrc18	2
Tnrc6a	2
Tnrc6b	2
Tnrc6c	2
Tns1	0
Tns3	8
Tns4	0
Tob1	0
Tob2	4
Toe1	0
Tollip	1
Tom1	0
Tom1l1	0
Tom1l2	4
Tomm20	1
Tomm22	1
Tomm34	0
Tomm40	3
Tomm40l	2
Tomm5	7
Tomm6	7
Tomm7	7
Tomm70a	1
Tomt	8
Tonsl	0
Top1	2
Top1mt	3
Top2b	6
Top3a	4
Top3b	3
Topbp1	8
Topors	1
Toporsos	7
Tor1a	0
Tor1aip1	9
Tor1aip2	1
Tor1b	5
Tor2a	3
Tor3a	5
Tor4a	4
Tox4	6
Tpcn1	0
Tpcn2	2
Tpd52	6
Tpd52l2	0
Tpgs1	3
Tpgs2	5
Tpi1	4
Tpk1	10
Tpm1	2
Tpm3	3
Tpm4	0
Tpmt	8
Tpp1	6
Tpp2	1
Tppp	2
Tpr	2
Tpra1	3
Tprgl	3
Tprkb	7
Tprn	5
Tpst1	6
Tpst2	3
Tpt1	9
Tra2a	10
Tra2b	1
Trabd	3
Tradd	3
Traf2	3
Traf3	2
Traf3ip1	2
Traf3ip3	3
Traf5	0
Traf6	1
Traf7	2
Trafd1	3
Trak1	2
Trak2	2
Tram1	1
Tram2	4
Trap1	4
Trappc1	7
Trappc10	0
Trappc11	0
Trappc12	4
Trappc13	1
Trappc2	6
Trappc2l	7
Trappc3	6
Trappc4	7
Trappc5	3
Trappc6a	9
Trappc6b	8
Trappc8	1
Trappc9	4
Trdmt1	1
Trem2	5
Treml2	3
Trex1	9
Trf	4
Triap1	7
Trib1	4
Trim11	3
Trim12a	0
Trim12c	2
Trim13	1
Trim14	6
Trim16	4
Trim2	1
Trim21	0
Trim23	1
Trim24	0
Trim25	1
Trim26	2
Trim27	0
Trim28	3
Trim3	3
Trim30a	1
Trim30d	1
Trim32	6
Trim33	2
Trim34a	1
Trim35	6
Trim36	1
Trim37	6
Trim39	2
Trim41	2
Trim44	2
Trim45	0
Trim47	3
Trim56	0
Trim62	0
Trim65	2
Trim68	0
Trim8	3
Trio	2
Triobp	3
Trip10	4
Trip11	2
Trip12	8
Trip13	0
Trip4	0
Triqk	1
Trit1	3
Trmt1	3
Trmt10a	8
Trmt10b	0
Trmt10c	1
Trmt11	8
Trmt112	0
Trmt12	1
Trmt13	8
Trmt1l	10
Trmt2a	2
Trmt2b	0
Trmt44	0
Trmt5	0
Trmt6	0
Trmt61a	0
Trmt61b	7
Trmu	2
Trnau1ap	8
Trnt1	0
Trove2	1
Trp53	5
Trp53bp1	0
Trp53bp2	4
Trp53cor1	2
Trp53i11	4
Trp53i13	3
Trp53inp1	1
Trp53inp2	8
Trp53rka	0
Trp53rkb	9
Trpc4ap	4
Trpm2	4
Trpm4	4
Trpm7	8
Trpt1	0
Trpv2	4
Trpv4	5
Trrap	2
Trub1	2
Trub2	2
Tsacc	2
Tsc1	2
Tsc2	4
Tsc22d1	3
Tsc22d2	1
Tsc22d3	0
Tsc22d4	3
Tsen15	2
Tsen2	3
Tsen34	3
Tsen54	5
Tsfm	5
Tsg101	1
Tsga10	8
Tshz1	4
Tsn	1
Tsnax	3
Tspan13	6
Tspan14	6
Tspan18	4
Tspan3	7
Tspan31	6
Tspan32	9
Tspan33	3
Tspan4	9
Tspan5	6
Tspan7	5
Tspan8	1
Tspan9	0
Tspo	5
Tspyl1	1
Tspyl2	2
Tspyl3	5
Tsr1	0
Tsr2	0
Tsr3	3
Tssc1	3
Tssc4	3
Tsta3	2
Tstd2	1
Tstd3	0
Ttbk2	2
Ttc1	7
Ttc13	4
Ttc14	8
Ttc17	4
Ttc19	7
Ttc21b	2
Ttc27	6
Ttc28	2
Ttc3	2
Ttc30a1	1
Ttc30b	0
Ttc32	7
Ttc33	1
Ttc37	1
Ttc38	4
Ttc39b	1
Ttc4	0
Ttc5	2
Ttc7	4
Ttc7b	4
Ttc8	1
Ttc9	5
Ttc9c	1
Ttf1	2
Ttf2	3
Tti1	6
Tti2	0
Ttl	10
Ttll1	3
Ttll12	5
Ttll3	2
Ttll4	0
Ttll5	2
Ttpal	1
Ttyh1	0
Ttyh2	0
Ttyh3	2
Tuba1a	5
Tuba1b	6
Tuba1c	5
Tuba4a	5
Tubb2a	0
Tubb2b	3
Tubb4b	5
Tubb5	5
Tubb6	5
Tubd1	3
Tubg1	3
Tubgcp2	0
Tubgcp3	3
Tubgcp4	2
Tubgcp5	2
Tubgcp6	0
Tufm	4
Tuft1	0
Tug1	1
Tulp3	7
Tulp4	8
Tusc1	3
Tusc2	10
Tusc3	6
Tut1	4
Tvp23a	8
Tvp23b	1
Twf1	0
Twf2	3
Twistnb	1
Twsg1	0
Txlna	4
Txlng	2
Txn1	9
Txn2	5
Txndc11	0
Txndc12	7
Txndc15	5
Txndc16	0
Txndc17	1
Txndc5	5
Txndc9	1
Txnip	8
Txnl1	1
Txnl4a	3
Txnl4b	4
Txnrd1	5
Txnrd2	3
Txnrd3	4
Tyk2	2
Tymp	9
Tyms	5
Tyrobp	7
Tysnd1	3
Tyw1	4
Tyw3	0
Tyw5	2
U2af1	2
U2af1l4	3
U2af2	0
U2surp	0
Uap1	0
Uap1l1	5
Uba1	4
Uba2	4
Uba3	1
Uba5	3
Uba52	9
Uba6	1
Uba7	2
Ubac1	2
Ubac2	6
Ubald1	3
Ubap1	1
Ubap2	3
Ubap2l	4
Ubash3b	4
Ubb	4
Ubc	3
Ube2a	1
Ube2b	7
Ube2cbp	9
Ube2d1	0
Ube2d2a	1
Ube2d3	1
Ube2e1	1
Ube2e2	9
Ube2e3	1
Ube2f	1
Ube2g1	1
Ube2g2	3
Ube2h	0
Ube2i	2
Ube2j1	1
Ube2j2	0
Ube2k	8
Ube2l3	6
Ube2l6	9
Ube2m	3
Ube2n	1
Ube2o	4
Ube2q1	2
Ube2q2	1
Ube2r2	3
Ube2s	3
Ube2v1	3
Ube2v2	1
Ube2w	1
Ube2z	6
Ube3a	1
Ube3b	0
Ube3c	1
Ube4a	0
Ube4b	4
Ubfd1	1
Ubiad1	1
Ubl3	6
Ubl4a	2
Ubl5	7
Ubl7	3
Ublcp1	1
Ubn1	2
Ubn2	2
Ubox5	1
Ubp1	2
Ubqln1	6
Ubqln2	0
Ubqln4	3
Ubr1	8
Ubr2	2
Ubr3	1
Ubr4	2
Ubr5	8
Ubr7	1
Ubtd1	3
Ubtd2	1
Ubtf	4
Ubxn1	3
Ubxn2a	8
Ubxn2b	1
Ubxn4	2
Ubxn6	3
Ubxn7	1
Ubxn8	1
Uchl3	1
Uchl4	8
Uchl5	1
Uck1	3
Uckl1	2
Ucp2	3
Uevld	1
Ufc1	7
Ufd1l	3
Ufl1	0
Ufm1	8
Ufsp1	0
Ufsp2	1
Ugcg	1
Ugdh	1
Uggt1	8
Uggt2	1
Ugp2	1
Ugt1a7c	9
Uhmk1	1
Uhrf1bp1	0
Uhrf1bp1l	2
Uhrf2	10
Uimc1	2
Ulk1	4
Ulk2	1
Ulk3	3
Ulk4	0
Umad1	1
Umps	6
Unc119b	6
Unc13b	2
Unc13d	4
Unc45a	4
Unc50	7
Unc93b1	5
Unk	4
Unkl	0
Upf1	4
Upf2	2
Upf3a	3
Upf3b	2
Upk1b	9
Uqcc1	3
Uqcc2	7
Uqcc3	7
Uqcr10	7
Uqcr11	7
Uqcrb	7
Uqcrc1	5
Uqcrc2	5
Uqcrfs1	1
Uqcrh	7
Uqcrq	7
Urb1	8
Urb2	0
Urgcp	4
Uri1	2
Urm1	2
Urod	3
Uros	2
Usb1	0
Use1	7
Usf1	3
Usf2	2
Usmg5	7
Uso1	0
Usp1	1
Usp10	4
Usp11	2
Usp12	1
Usp14	1
Usp15	0
Usp16	2
Usp18	9
Usp19	4
Usp2	3
Usp20	3
Usp21	3
Usp22	6
Usp24	2
Usp25	1
Usp28	3
Usp3	1
Usp30	3
Usp31	8
Usp32	8
Usp33	0
Usp34	2
Usp35	0
Usp36	4
Usp37	1
Usp38	1
Usp39	5
Usp4	4
Usp40	0
Usp42	2
Usp45	1
Usp46	0
Usp47	0
Usp48	2
Usp49	8
Usp5	4
Usp54	0
Usp6nl	1
Usp7	8
Usp8	4
Usp9x	1
Uspl1	0
Ust	0
Utp11l	0
Utp14a	2
Utp15	6
Utp18	0
Utp20	0
Utp23	1
Utp3	0
Utp6	0
Utrn	8
Uty	1
Uvrag	4
Uvssa	2
Uxs1	1
Uxt	1
Vac14	4
Vamp1	2
Vamp2	0
Vamp3	1
Vamp4	1
Vamp5	7
Vamp7	1
Vamp8	7
Vangl1	0
Vangl2	0
Vapa	1
Vapb	3
Vars	4
Vars2	0
Vash1	2
Vasp	4
Vat1	3
Vav1	4
Vav2	4
Vbp1	1
Vcam1	9
Vcl	6
Vcp	4
Vcpip1	1
Vcpkmt	1
Vdac1	8
Vdac2	1
Vdac3	6
Vegfb	5
Vezf1	0
Vezt	2
Vgll4	2
Vhl	1
Vim	5
Vimp	1
Vipas39	0
Vipr1	4
Vkorc1	7
Vkorc1l1	1
Vma21	1
Vmac	0
Vmn2r29	2
Vmp1	1
Vopp1	0
Vprbp	0
Vps11	4
Vps13a	8
Vps13b	1
Vps13c	8
Vps13d	8
Vps16	4
Vps18	4
Vps25	3
Vps26a	6
Vps26b	6
Vps28	5
Vps29	1
Vps33a	6
Vps33b	3
Vps35	6
Vps36	0
Vps37a	1
Vps37b	3
Vps37c	3
Vps39	4
Vps41	6
Vps45	3
Vps4a	3
Vps4b	6
Vps51	3
Vps52	3
Vps53	3
Vps54	1
Vps72	3
Vps8	6
Vps9d1	2
Vrk1	0
Vrk2	1
Vrk3	3
Vsig10	2
Vsig10l	4
Vta1	1
Vti1a	5
Vti1b	7
Vwa5a	6
Vwa8	6
Vwa9	3
Wac	0
Wapl	8
Wars	4
Wars2	2
Was	2
Wasf2	0
Wash1	3
Wasl	8
Wbp1	2
Wbp11	5
Wbp1l	4
Wbp2	5
Wbp4	7
Wbp5	1
Wbscr16	5
Wbscr22	3
Wdfy1	3
Wdfy2	8
Wdfy3	8
Wdfy4	1
Wdhd1	1
Wdpcp	3
Wdr1	0
Wdr11	4
Wdr12	1
Wdr13	2
Wdr18	3
Wdr19	0
Wdr20	1
Wdr24	2
Wdr25	0
Wdr26	2
Wdr3	8
Wdr33	8
Wdr34	0
Wdr35	1
Wdr36	6
Wdr37	1
Wdr4	0
Wdr41	2
Wdr43	6
Wdr44	8
Wdr45	3
Wdr45b	6
Wdr46	4
Wdr47	6
Wdr48	4
Wdr5	0
Wdr53	0
Wdr55	2
Wdr59	0
Wdr5b	0
Wdr6	4
Wdr60	1
Wdr61	7
Wdr62	0
Wdr7	1
Wdr70	4
Wdr73	3
Wdr74	3
Wdr75	0
Wdr76	0
Wdr77	9
Wrap73	3
Wdr81	4
Wdr82	8
Wdr83	3
Wdr83os	9
Wdr89	0
Wdr91	4
Wdr92	0
Wdsub1	1
Wdtc1	4
Wdyhv1	2
Wfs1	0
Whamm	3
Whrn	2
Whsc1	8
Whsc1l1	8
Pym1	3
Wipf1	1
Wipf2	2
Wipi1	0
Wipi2	0
Wiz	4
Wls	1
Wnk1	2
Wnk4	0
Wrap53	0
Wrb	1
Wrn	1
Wrnip1	3
Wsb1	8
Wsb2	0
Wscd1	9
Wtap	1
Wtip	2
Wwc2	0
Wwox	3
Wwp1	0
Wwp2	4
Xab2	3
Xaf1	9
Xbp1	6
Xiap	8
Xk	1
Xkr8	0
Xlr	1
Xpa	0
Xpc	4
Xpnpep1	4
Xpnpep3	2
Xpo1	1
Xpo4	1
Xpo5	0
Xpo6	0
Xpo7	0
Xpot	0
Xpr1	8
Xrcc1	4
Xrcc2	6
Xrcc3	2
Xrcc4	1
Xrcc5	5
Xrcc6	3
Xrcc6bp1	0
Xrn1	1
Xrn2	1
Xxylt1	6
Xylb	5
Xylt1	0
Xylt2	4
Yae1d1	1
Yaf2	1
Yars	4
Yars2	0
Ybey	1
Ybx1	3
Ybx3	3
Ydjc	3
Yeats2	2
Yeats4	0
Yes1	1
Yif1a	9
Yif1b	5
Yipf1	9
Yipf2	9
Yipf3	5
Yipf4	1
Yipf5	6
Yipf6	1
Ykt6	0
Ylpm1	2
Yme1l1	1
Yod1	1
Ypel1	8
Ypel2	10
Ypel3	3
Ypel5	1
Yrdc	2
Ythdc1	2
Ythdc2	1
Ythdf1	1
Ythdf2	6
Ythdf3	1
Ywhab	5
Ywhae	5
Ywhag	6
Ywhah	5
Ywhaq	1
Ywhaz	6
Yy1	7
Yy2	0
Zadh2	1
Zak	8
Zbed3	2
Zbed4	0
Zbed5	1
Zbed6	2
Zbp1	9
Zbtb1	1
Zbtb10	0
Zbtb11	8
Zbtb11os1	0
Zbtb14	6
Zbtb17	3
Zbtb18	8
Zbtb2	0
Zbtb20	2
Zbtb21	4
Zbtb22	4
Zbtb24	0
Zbtb25	1
Zbtb26	1
Zbtb3	0
Zbtb33	1
Zbtb34	8
Zbtb37	2
Zbtb38	2
Zbtb39	2
Zbtb4	2
Zbtb40	2
Zbtb41	1
Zbtb43	1
Zbtb44	1
Zbtb45	3
Zbtb48	2
Zbtb49	0
Zbtb5	1
Zbtb6	1
Zbtb7a	3
Zbtb7b	2
Zbtb8a	1
Zbtb8os	1
Zbtb9	1
Zc2hc1a	1
Zc3h10	3
Zc3h11a	2
Zc3h12a	2
Zc3h12b	6
Zc3h12c	10
Zc3h13	2
Zc3h14	0
Zc3h15	1
Zc3h18	4
Zc3h3	0
Zc3h4	2
Zc3h6	0
Zc3h7a	2
Zc3h7b	2
Zc3h8	2
Zc3hav1	0
Zc3hc1	0
Zc4h2	0
Zcchc10	7
Zcchc11	0
Zcchc14	2
Zcchc17	3
Zcchc2	1
Zcchc24	0
Zcchc3	2
Zcchc4	0
Zcchc6	2
Zcchc7	2
Zcchc8	5
Zcchc9	7
Zcrb1	7
Zcwpw1	2
Zdhhc1	3
Zdhhc12	3
Zdhhc13	1
Zdhhc14	4
Zdhhc16	0
Zdhhc17	1
Zdhhc18	4
Zdhhc20	1
Zdhhc21	1
Zdhhc24	0
Zdhhc3	5
Zdhhc4	9
Zdhhc5	6
Zdhhc6	1
Zdhhc7	5
Zdhhc8	3
Zdhhc9	6
Zeb1	2
Zeb2	8
Zeb2os	2
Zer1	5
Zfand1	0
Zfand2a	10
Zfand2b	3
Zfand3	2
Zfand5	1
Zfand6	1
Zfat	2
Zfc3h1	2
Zfhx3	2
Zfp1	2
Zfp101	1
Zfp105	0
Zfp106	2
Zfp108	0
Zfp109	2
Zfp11	1
Zfp110	0
Zfp111	1
Zfp113	1
Zfp119a	1
Zfp119b	1
Zfp12	0
Zfp120	8
Zfp128	1
Zfp131	2
Zfp14	0
Zfp141	1
Zfp142	2
Zfp143	0
Zfp146	2
Zfp148	1
Zfp157	8
Zfp160	1
Zfp169	0
Zfp174	1
Zfp180	0
Zfp182	2
Zfp184	2
Zfp189	8
Zfp24	1
Zfp2	1
Zfp202	2
Zfp207	1
Zfp212	4
Zfp213	0
Zfp217	2
Zfp219	3
Zfp229	1
Zfp235	4
Zfp236	2
Zfp248	1
Zfp251	0
Zfp26	1
Zfp260	1
Zfp263	2
Zfp266	1
Zfp27	8
Zfp273	7
Zfp275	1
Zfp276	2
Zfp277	1
Zfp28	2
Zfp280b	8
Zfp280c	8
Zfp280d	1
Zfp281	1
Zfp282	4
Zfp286	2
Zfp287	0
Zfp292	8
Zfp3	1
Zfp30	2
Zfp316	0
Zfp317	1
Zfp318	2
Zfp319	4
Zfp322a	8
Zfp324	1
Zfp326	2
Zfp329	1
Zfp330	7
Zfp334	1
Zfp335	2
Zfp346	2
Zfp35	8
Zfp354a	0
Zfp354b	0
Zfp354c	1
Zfp358	4
Zfp36	2
Zfp362	2
Zfp367	1
Zfp369	1
Zfp36l2	4
Zfp37	0
Zfp382	2
Zfp383	0
Zfp384	2
Zfp385a	4
Zfp385c	2
Zfp386	8
Zfp39	1
Zfp395	2
Zfp397	8
Zfp398	0
Zfp40	8
Zfp407	8
Zfp408	2
Zfp41	0
Zfp410	0
Zfp414	3
Zfp418	1
Zfp420	2
Zfp422	1
Zfp426	2
Zfp428	0
Zfp429	1
Zfp433	1
Zfp438	3
Zfp442	1
Zfp444	3
Zfp445	2
Zfp446	2
Zfp449	8
Zfp451	1
Zfp454	0
Zfp455	1
Zfp456	1
Zfp46	0
Zfp467	0
Zfp472	1
Zfp493	0
Zfp51	1
Zfp511	2
Zfp512	0
Zfp513	2
Zfp516	2
Zfp518a	1
Zfp518b	0
Zfp52	8
Zfp523	2
Zfp524	3
Zfp526	4
Zfp53	1
Zfp532	2
Zfp54	0
Zfp553	3
Zfp558	1
Zfp560	1
Zfp563	1
Zfp566	0
Zfp568	2
Zfp574	3
Zfp579	2
Zfp58	1
Zfp580	3
Zfp583	0
Zfp59	0
Zfp592	2
Zfp593	4
Zfp595	2
Zfp597	1
Zfp598	2
Zfp60	1
Zfp605	2
Zfp606	1
Zfp607a	1
Zfp608	2
Zfp609	2
Zfp61	0
Zfp617	8
Zfp619	0
Zfp62	2
Zfp622	3
Zfp623	1
Zfp626	8
Zfp628	0
Zfp629	2
Zfp637	2
Zfp638	2
Zfp639	1
Zfp64	4
Zfp641	0
Zfp644	1
Zfp646	2
Zfp647	2
Zfp65	8
Zfp651	3
Zfp652	2
Zfp652os	2
Zfp653	2
Zfp654	1
Zfp655	1
Zfp658	2
Zfp661	0
Zfp664	2
Zfp667	0
Zfp668	2
Zfp672	1
Zfp677	1
Zfp68	1
Zfp687	0
Zfp688	3
Zfp689	4
Zfp69	8
Zfp691	2
Zfp692	2
Zfp697	0
Zfp703	3
Zfp704	2
Zfp706	1
Zfp707	3
Zfp708	1
Zfp709	1
Zfp710	2
Zfp712	1
Zfp715	1
Zfp719	1
Zfp72	1
Zfp729a	2
Zfp729b	1
Zfp738	8
Zfp74	2
Zfp740	2
Zfp746	4
Zfp747	0
Zfp748	1
Zfp758	1
Zfp759	1
Zfp760	0
Zfp763	6
Zfp764	3
Zfp768	2
Zfp770	1
Zfp771	3
Zfp772	0
Zfp773	1
Zfp775	2
Zfp777	4
Zfp78	0
Zfp780b	1
Zfp783	2
Zfp784	0
Zfp787	3
Zfp788	8
Zfp790	0
Zfp791	1
Zfp799	1
Zfp800	1
Zfp808	1
Zfp809	2
Zfp81	1
Zfp810	0
Zfp82	0
Zfp821	4
Zfp825	8
Zfp827	2
Zfp830	7
Zfp839	2
Zfp84	1
Zfp846	0
Zfp85	1
Zfp850	1
Zfp862-ps	2
Zfp865	2
Zfp866	1
Zfp867	8
Zfp868	1
Zfp869	1
Zfp87	1
Zfp870	1
Zfp871	8
Zfp873	0
Zfp874a	1
Zfp874b	0
Zfp879	0
Zfp882	8
Zfp90	2
Zfp91	2
Zfp93	3
Zfp930	2
Zfp931	1
Zfp932	8
Zfp933	1
Zfp934	2
Zfp935	2
Zfp937	1
Zfp938	1
Zfp939	0
Zfp94	2
Zfp940	3
Zfp942	1
Zfp943	1
Zfp944	8
Zfp945	2
Zfp946	1
Zfp949	0
Zfp950	8
Zfp951	1
Zfp952	8
Zfp953	0
Zfp954	1
Zfp955a	1
Zfp955b	8
Zfp956	2
Zfp958	1
Zfp959	1
Zfp961	8
Zfp963	1
Zfp964	1
Zfp97	0
Zfpl1	4
Zfpm1	4
Zfr	0
Zfx	1
Zfyve1	0
Zfyve16	8
Zfyve19	3
Zfyve21	3
Zfyve26	2
Zfyve27	0
Zfyve28	0
Zgpat	2
Zhx1	2
Zhx2	0
Zhx3	0
Zik1	1
Zkscan1	1
Zkscan14	2
Zkscan17	2
Zkscan3	2
Zkscan4	1
Zkscan5	2
Zkscan6	2
Zkscan7	0
Zkscan8	0
Zmat1	7
Zmat2	7
Zmat3	0
Zmat5	3
Zmiz1	2
Zmiz2	4
Zmpste24	6
Zmym1	6
Zmym2	8
Zmym3	0
Zmym4	1
Zmym5	8
Zmym6	2
Zmynd11	2
Zmynd15	0
Zmynd19	0
Zmynd8	2
Znf41-ps	10
Znf512b	2
Znfx1	0
Znhit1	3
Znhit2	3
Znhit3	7
Znhit6	2
Znrd1	7
Znrd1as	2
Znrf1	2
Znrf2	1
Znrf3	0
Zpbp	0
Zpr1	3
Zranb1	8
Zranb2	1
Zrsr1	2
Zrsr2	2
Zscan12	1
Zscan18	2
Zscan20	0
Zscan21	0
Zscan22	1
Zscan26	2
Zscan29	2
Zswim1	5
Zswim3	0
Zswim4	4
Zswim5	4
Zswim6	8
Zswim7	7
Zswim8	2
Zufsp	2
Zw10	3
Zwint	6
Zxda	1
Zxdb	7
Zxdc	1
Zyg11b	1
Zyx	4
Zzef1	8
Zzz3	2
Hikeshi	9
